demo	sceneChanged	total	animated
dark-basic	CRASHED	0	0
dark-basic	false	31	0
bar-basic	CRASHED	0	0
bar-basic	false	30	0
bar-seven	CRASHED	0	0
bar-seven	false	36	0
line-basic	CRASHED	0	0
line-basic	false	44	6
line-stacked-area	CRASHED	0	0
line-stacked-area	true	152	46
line-lttb	CRASHED	0	0
line-lttb	false	60	0
scatter-basic	CRASHED	0	0
scatter-basic	false	65	0
large-scatter	CRASHED	0	0
large-scatter	false	50	0
effectscatter-basic	CRASHED	0	0
effectscatter-basic	false	85	18
lines-basic	CRASHED	0	0
lines-basic	false	51	0
lines-effect	CRASHED	0	0
lines-effect	false	55	4
pie-basic	CRASHED	0	0
pie-basic	false	6	0
bar-title-legend	CRASHED	0	0
bar-title-legend	true	27	0
legend-selector	CRASHED	0	0
legend-selector	true	59	5
timeline-basic	CRASHED	0	0
timeline-basic	false	48	4
funnel-basic	CRASHED	0	0
funnel-basic	false	6	0
candlestick-basic	CRASHED	0	0
candlestick-basic	false	35	0
boxplot-basic	CRASHED	0	0
boxplot-basic	false	35	0
sunburst-basic	CRASHED	0	0
sunburst-basic	false	13	0
treemap-basic	CRASHED	0	0
treemap-basic	false	30	16
tree-basic	CRASHED	0	0
tree-basic	true	26	0
graph-basic	CRASHED	0	0
graph-basic	false	19	0
graph-force	CRASHED	0	0
graph-force	true	29	0
radar-basic	CRASHED	0	0
radar-basic	false	43	0
polar-basic	CRASHED	0	0
polar-basic	false	56	0
gauge-basic	CRASHED	0	0
gauge-basic	false	90	0
sankey-basic	CRASHED	0	0
sankey-basic	false	10	0
chord-basic	CRASHED	0	0
chord-basic	false	10	1
themeriver-basic	CRASHED	0	0
themeriver-basic	false	23	0
themeriver-full	CRASHED	0	0
themeriver-full	true	69	5
parallel-basic	CRASHED	0	0
parallel-basic	false	82	0
calendar-basic	CRASHED	0	0
calendar-basic	false	42	0
matrix-basic	CRASHED	0	0
matrix-basic	false	28	0
geo-basic	CRASHED	0	0
geo-basic	false	11	0
map-svg-basic	CRASHED	0	0
map-svg-basic	false	10	0
map-svg-series	CRASHED	0	0
map-svg-series	false	22	0
map-basic	CRASHED	0	0
map-basic	false	23	0
map-bar-morph	CRASHED	0	0
map-bar-morph	false	123	0
visualmap-basic	CRASHED	0	0
visualmap-basic	false	74	0
heatmap-basic	CRASHED	0	0
heatmap-basic	false	47	0
custom-basic	CRASHED	0	0
custom-basic	false	50	0
bar-stack	CRASHED	0	0
bar-stack	true	46	9
bar-negative	CRASHED	0	0
bar-negative	false	38	0
bar-horizontal	CRASHED	0	0
bar-horizontal	false	36	0
line-area	CRASHED	0	0
line-area	false	55	7
line-smooth	CRASHED	0	0
line-smooth	true	62	9
line-stack	CRASHED	0	0
line-stack	true	84	16
pie-doughnut	CRASHED	0	0
pie-doughnut	true	24	3
pie-rose	CRASHED	0	0
pie-rose	false	6	0
scatter-multi	CRASHED	0	0
scatter-multi	true	73	5
bar-datazoom-slider	CRASHED	0	0
bar-datazoom-slider	false	62	0
bar-multi3	CRASHED	0	0
bar-multi3	true	52	16
line-dashed	CRASHED	0	0
line-dashed	true	60	17
scatter-large	CRASHED	0	0
scatter-large	false	212	0
pie-labeled	CRASHED	0	0
pie-labeled	false	6	0
radar-multi	CRASHED	0	0
radar-multi	true	65	16
line-multi5	CRASHED	0	0
line-multi5	true	135	28
mix-bar-line	CRASHED	0	0
mix-bar-line	true	56	15
area-two	CRASHED	0	0
area-two	true	73	14
bar-background	CRASHED	0	0
bar-background	false	44	0
bar-large	CRASHED	0	0
bar-large	true	87	0
bar-width	CRASHED	0	0
bar-width	false	36	0
bar-stack-reverse	CRASHED	0	0
bar-stack-reverse	true	46	7
boxplot-multi	CRASHED	0	0
boxplot-multi	false	31	0
candlestick-large	CRASHED	0	0
candlestick-large	false	58	0
funnel-sorted	CRASHED	0	0
funnel-sorted	false	6	0
gauge-simple	CRASHED	0	0
gauge-simple	false	90	0
graph-circular	CRASHED	0	0
graph-circular	false	28	0
heatmap-large	CRASHED	0	0
heatmap-large	false	127	0
parallel-multi	CRASHED	0	0
parallel-multi	false	84	0
pie-half	CRASHED	0	0
pie-half	false	5	0
radar-filled	CRASHED	0	0
radar-filled	false	34	0
scatter-symbolsize	CRASHED	0	0
scatter-symbolsize	false	61	0
sankey-vertical	CRASHED	0	0
sankey-vertical	false	10	0
sunburst-multi	CRASHED	0	0
sunburst-multi	false	7	0
treemap-levels	CRASHED	0	0
treemap-levels	false	22	11
tree-right	CRASHED	0	0
tree-right	true	20	0
line-negative	CRASHED	0	0
line-negative	false	49	7
datazoom-inside	CRASHED	0	0
datazoom-inside	false	62	12
tooltip-axis	CRASHED	0	0
tooltip-axis	true	62	9
visualmap-piecewise	CRASHED	0	0
visualmap-piecewise	false	75	0
calendar-heatmap	CRASHED	0	0
calendar-heatmap	false	79	0
polar-line	CRASHED	0	0
polar-line	false	51	8
dataset-bar	CRASHED	0	0
dataset-bar	false	35	0
lines-grid	CRASHED	0	0
lines-grid	false	55	0
effectscatter-grid	CRASHED	0	0
effectscatter-grid	false	76	12
pie-nest	CRASHED	0	0
pie-nest	false	8	0
themeriver-stream	CRASHED	0	0
themeriver-stream	false	37	0
dataset-scatter	CRASHED	0	0
dataset-scatter	false	60	0
bar-two-yaxis	CRASHED	0	0
bar-two-yaxis	true	63	6
bar-horizontal-stack	CRASHED	0	0
bar-horizontal-stack	true	46	6
line-multi-axis	CRASHED	0	0
line-multi-axis	true	65	5
scatter-two-axis	CRASHED	0	0
scatter-two-axis	false	65	0
pie-ring-label	CRASHED	0	0
pie-ring-label	false	5	0
radar-two	CRASHED	0	0
radar-two	true	51	8
graph-symbol	CRASHED	0	0
graph-symbol	false	13	0
sankey-multi	CRASHED	0	0
sankey-multi	false	11	0
tree-deep	CRASHED	0	0
tree-deep	true	20	0
treemap-flat	CRASHED	0	0
treemap-flat	false	24	13
sunburst-ring	CRASHED	0	0
sunburst-ring	false	8	0
boxplot-wide	CRASHED	0	0
boxplot-wide	false	35	0
funnel-wide	CRASHED	0	0
funnel-wide	false	7	0
visualmap-continuous-bar	CRASHED	0	0
visualmap-continuous-bar	false	52	0
heatmap-small	CRASHED	0	0
heatmap-small	false	55	0
geo-scatter	CRASHED	0	0
geo-scatter	false	19	0
gauge-progress	CRASHED	0	0
gauge-progress	false	91	0
gauge-two	CRASHED	0	0
gauge-two	false	180	0
line-area-gradient	CRASHED	0	0
line-area-gradient	false	59	8
bar-polar-radial	CRASHED	0	0
bar-polar-radial	false	34	0
scatter-polar	CRASHED	0	0
scatter-polar	false	48	0
pie-selected	CRASHED	0	0
pie-selected	false	5	0
bar-two-series-grid	CRASHED	0	0
bar-two-series-grid	true	50	7
line-step	CRASHED	0	0
line-step	false	44	6
bar-item-color	CRASHED	0	0
bar-item-color	false	36	0
line-item-color	CRASHED	0	0
line-item-color	false	46	6
scatter-series-color	CRASHED	0	0
scatter-series-color	true	69	3
pie-colored	CRASHED	0	0
pie-colored	false	5	0
tree-polyline	CRASHED	0	0
tree-polyline	true	18	0
graph-grid	CRASHED	0	0
graph-grid	false	34	0
sankey-branch	CRASHED	0	0
sankey-branch	false	9	0
radar-varied-max	CRASHED	0	0
radar-varied-max	false	39	0
heatmap-piecewise	CRASHED	0	0
heatmap-piecewise	false	82	0
line-boundary-gap	CRASHED	0	0
line-boundary-gap	false	56	7
themeriver-three	CRASHED	0	0
themeriver-three	false	39	0
boxplot-single	CRASHED	0	0
boxplot-single	false	29	0
bar-label-top	CRASHED	0	0
bar-label-top	false	36	0
line-no-symbol	CRASHED	0	0
line-no-symbol	false	42	0
pie-label-inside	CRASHED	0	0
pie-label-inside	false	5	0
scatter-dense	CRASHED	0	0
scatter-dense	false	166	0
radar-split-area	CRASHED	0	0
radar-split-area	false	34	0
graph-labeled	CRASHED	0	0
graph-labeled	false	12	0
sankey-labeled	CRASHED	0	0
sankey-labeled	false	7	0
tree-top-bottom	CRASHED	0	0
tree-top-bottom	true	20	0
treemap-three	CRASHED	0	0
treemap-three	false	22	11
sunburst-labeled	CRASHED	0	0
sunburst-labeled	false	5	0
bar-min-height	CRASHED	0	0
bar-min-height	false	32	0
line-two-smooth	CRASHED	0	0
line-two-smooth	true	63	12
toolbox-basic	CRASHED	0	0
toolbox-basic	true	47	0
bar-decal	CRASHED	0	0
bar-decal	false	36	0
bar-aria-decal	CRASHED	0	0
bar-aria-decal	false	43	0
marker-markpoint	CRASHED	0	0
marker-markpoint	false	38	0
marker-markline	CRASHED	0	0
marker-markline	false	49	5
marker-markarea	CRASHED	0	0
marker-markarea	false	42	5
official-line-simple	CRASHED	0	0
official-line-simple	false	49	7
official-line-smooth	CRASHED	0	0
official-line-smooth	false	47	7
official-area-basic	CRASHED	0	0
official-area-basic	false	55	7
official-line-stack	CRASHED	0	0
official-line-stack	true	148	42
official-area-stack	CRASHED	0	0
official-area-stack	true	152	46
official-area-stack-gradient	CRASHED	0	0
official-area-stack-gradient	true	98	12
official-bump-chart	CRASHED	0	0
official-bump-chart	false	196	54
official-line-marker	CRASHED	0	0
official-line-marker	true	95	19
official-area-pieces	CRASHED	0	0
official-area-pieces	false	48	0
official-data-transform-filter	CRASHED	0	0
official-data-transform-filter	false	51	0
official-line-gradient	CRASHED	0	0
official-line-gradient	false	82	0
official-line-sections	CRASHED	0	0
official-line-sections	false	98	20
official-confidence-band	CRASHED	0	0
official-confidence-band	false	53	0
official-grid-multiple	CRASHED	0	0
official-grid-multiple	true	159	12
official-line-aqi	CRASHED	0	0
official-line-aqi	false	117	6
official-multiple-x-axis	CRASHED	0	0
official-multiple-x-axis	true	85	12
official-area-rainfall	CRASHED	0	0
official-area-rainfall	true	115	17
official-area-time-axis	CRASHED	0	0
official-area-time-axis	false	84	0
official-dynamic-data2	CRASHED	0	0
official-dynamic-data2	false	47	0
official-line-function	CRASHED	0	0
official-line-function	false	111	0
official-line-race	CRASHED	0	0
official-line-race	false	83	0
official-line-markline	CRASHED	0	0
official-line-markline	false	138	5
official-line-style	CRASHED	0	0
official-line-style	false	45	7
official-line-in-cartesian-coordinate-system	CRASHED	0	0
official-line-in-cartesian-coordinate-system	false	57	3
official-line-log	CRASHED	0	0
official-line-log	true	128	69
official-line-step	CRASHED	0	0
official-line-step	true	95	14
official-line-easing	CRASHED	0	0
official-line-easing	false	406	0
official-line-fisheye-lens	CRASHED	0	0
official-line-fisheye-lens	true	25	0
official-line-y-category	CRASHED	0	0
official-line-y-category	true	38	17
official-line-pen	CRASHED	0	0
official-line-pen	false	58	5
official-line-polar	CRASHED	0	0
official-line-polar	true	20	0
official-line-polar2	CRASHED	0	0
official-line-polar2	true	20	0
official-line-tooltip-touch	CRASHED	0	0
official-line-tooltip-touch	false	93	18
official-line-draggable	CRASHED	0	0
official-line-draggable	false	114	5
official-bar-simple	CRASHED	0	0
official-bar-simple	false	36	0
official-bar-tick-align	CRASHED	0	0
official-bar-tick-align	false	36	0
official-bar-background	CRASHED	0	0
official-bar-background	false	43	0
official-bar-data-color	CRASHED	0	0
official-bar-data-color	false	36	0
official-bar-waterfall	CRASHED	0	0
official-bar-waterfall	false	48	0
official-bar-negative2	CRASHED	0	0
official-bar-negative2	false	36	0
official-bar-polar-label-radial	CRASHED	0	0
official-bar-polar-label-radial	false	31	0
official-bar-polar-label-tangential	CRASHED	0	0
official-bar-polar-label-tangential	false	40	0
official-bar-y-category	CRASHED	0	0
official-bar-y-category	true	55	6
official-polar-endAngle	CRASHED	0	0
official-polar-endAngle	false	60	0
official-bar-breaks-simple	CRASHED	0	0
official-bar-breaks-simple	true	78	21
official-bar-gradient	CRASHED	0	0
official-bar-gradient	false	87	0
official-bar-label-rotation	CRASHED	0	0
official-bar-label-rotation	true	77	21
official-bar-stack	CRASHED	0	0
official-bar-stack	true	149	57
official-bar-stack-borderRadius	CRASHED	0	0
official-bar-stack-borderRadius	false	67	0
official-bar-stack-normalization	CRASHED	0	0
official-bar-stack-normalization	true	89	28
official-bar-stack-normalization-and-variation	CRASHED	0	0
official-bar-stack-normalization-and-variation	true	120	28
official-bar-waterfall2	CRASHED	0	0
official-bar-waterfall2	true	73	17
official-bar-y-category-stack	CRASHED	0	0
official-bar-y-category-stack	true	89	38
official-bar-brush	CRASHED	0	0
official-bar-brush	true	99	40
official-bar-negative	CRASHED	0	0
official-bar-negative	true	69	14
official-bar1	CRASHED	0	0
official-bar1	true	86	13
official-mix-line-bar	CRASHED	0	0
official-mix-line-bar	true	113	24
official-mix-zoom-on-value	CRASHED	0	0
official-mix-zoom-on-value	true	143	56
official-multiple-y-axis	CRASHED	0	0
official-multiple-y-axis	true	124	46
official-bar-animation-delay	CRASHED	0	0
official-bar-animation-delay	true	165	100
official-bar-drilldown	CRASHED	0	0
official-bar-drilldown	false	30	0
official-bar-large	CRASHED	0	0
official-bar-large	false	61	0
official-bar-race	CRASHED	0	0
official-bar-race	true	21	0
official-bar-multi-drilldown	CRASHED	0	0
official-bar-multi-drilldown	false	28	0
official-bar-race-country	CRASHED	0	0
official-bar-race-country	true	63	0
official-bar-rich-text	CRASHED	0	0
official-bar-rich-text	true	59	6
official-dynamic-data	CRASHED	0	0
official-dynamic-data	true	111	10
official-mix-timeline-finance	CRASHED	0	0
official-mix-timeline-finance	true	188	0
official-watermark	CRASHED	0	0
official-watermark	false	150	0
official-bar-polar-real-estate	CRASHED	0	0
official-bar-polar-real-estate	true	121	63
official-bar-polar-stack	CRASHED	0	0
official-bar-polar-stack	true	56	8
official-bar-polar-stack-radial	CRASHED	0	0
official-bar-polar-stack-radial	true	60	24
official-polar-roundCap	CRASHED	0	0
official-polar-roundCap	true	47	5
official-bar-breaks-brush	CRASHED	0	0
official-bar-breaks-brush	true	82	21
official-pie-simple	CRASHED	0	0
official-pie-simple	true	33	4
official-pie-borderRadius	CRASHED	0	0
official-pie-borderRadius	true	29	4
official-pie-doughnut	CRASHED	0	0
official-pie-doughnut	true	29	4
official-pie-half-donut	CRASHED	0	0
official-pie-half-donut	true	29	4
official-pie-padAngle	CRASHED	0	0
official-pie-padAngle	true	29	4
official-pie-custom	CRASHED	0	0
official-pie-custom	false	11	0
official-pie-pattern	CRASHED	0	0
official-pie-pattern	false	10	0
official-pie-roseType	CRASHED	0	0
official-pie-roseType	false	30	16
official-pie-roseType-simple	CRASHED	0	0
official-pie-roseType-simple	true	48	7
official-pie-alignTo	CRASHED	0	0
official-pie-alignTo	false	39	0
official-pie-labelLine-adjust	CRASHED	0	0
official-pie-labelLine-adjust	false	24	0
official-pie-legend	CRASHED	0	0
official-pie-legend	true	263	49
official-pie-nest	CRASHED	0	0
official-pie-nest	true	55	8
official-scatter-simple	CRASHED	0	0
official-scatter-simple	false	93	0
official-scatter-anscombe-quartet	CRASHED	0	0
official-scatter-anscombe-quartet	false	296	0
official-scatter-clustering	CRASHED	0	0
official-scatter-clustering	false	196	0
official-scatter-clustering-process	CRASHED	0	0
official-scatter-clustering-process	false	136	0
official-scatter-exponential-regression	CRASHED	0	0
official-scatter-exponential-regression	false	134	18
official-scatter-effect	CRASHED	0	0
official-scatter-effect	false	589	6
official-scatter-linear-regression	CRASHED	0	0
official-scatter-linear-regression	true	472	200
official-scatter-polynomial-regression	CRASHED	0	0
official-scatter-polynomial-regression	false	194	18
official-scatter-jitter	CRASHED	0	0
official-scatter-jitter	false	14034	0
official-scatter-punchCard	CRASHED	0	0
official-scatter-punchCard	true	76	0
official-scatter-single-axis	CRASHED	0	0
official-scatter-single-axis	false	539	0
official-scatter-weight	CRASHED	0	0
official-scatter-weight	true	580	520
official-scatter-aggregate-bar	CRASHED	0	0
official-scatter-aggregate-bar	false	1077	0
official-scatter-label-align-right	CRASHED	0	0
official-scatter-label-align-right	false	75	0
official-scatter-label-align-top	CRASHED	0	0
official-scatter-label-align-top	false	87	0
official-scatter-symbol-morph	CRASHED	0	0
official-scatter-symbol-morph	false	207	0
official-scatter-large	CRASHED	0	0
official-scatter-large	true	96	13
official-scatter-nebula	CRASHED	0	0
official-scatter-nebula	true	102	0
official-scatter-stream-visual	CRASHED	0	0
official-scatter-stream-visual	false	32414	0
official-bubble-gradient	CRASHED	0	0
official-bubble-gradient	true	114	41
official-scatter-aqi-color	CRASHED	0	0
official-scatter-aqi-color	true	216	126
official-scatter-nutrients	CRASHED	0	0
official-scatter-nutrients	false	2041	0
official-scatter-nutrients-matrix	CRASHED	0	0
official-scatter-nutrients-matrix	false	8249	0
official-scatter-polar-punchCard	CRASHED	0	0
official-scatter-polar-punchCard	true	58	0
official-scatter-life-expectancy-timeline	CRASHED	0	0
official-scatter-life-expectancy-timeline	false	249	0
official-scatter-painter-choice	CRASHED	0	0
official-scatter-painter-choice	false	8266	0
official-scatter-world-population	CRASHED	0	0
official-scatter-world-population	false	784	0
official-scatter-logarithmic-regression	CRASHED	0	0
official-scatter-logarithmic-regression	true	196	57
official-effectScatter-map	CRASHED	0	0
official-effectScatter-map	true	143	24
official-scatter-map	CRASHED	0	0
official-scatter-map	true	117	0
official-scatter-map-brush	CRASHED	0	0
official-scatter-map-brush	false	520	0
official-scatter-weibo	CRASHED	0	0
official-scatter-weibo	true	121	0
official-map-iceland-pie	CRASHED	0	0
official-map-iceland-pie	true	59	12
official-geo-choropleth-scatter	CRASHED	0	0
official-geo-choropleth-scatter	false	66	0
official-geo-graph	CRASHED	0	0
official-geo-graph	false	64	0
official-geo-beef-cuts	CRASHED	0	0
official-geo-beef-cuts	false	279	0
official-geo-organ	CRASHED	0	0
official-geo-organ	false	175	0
official-geo-seatmap-flight	CRASHED	0	0
official-geo-seatmap-flight	false	1038	0
official-geo-svg-lines	CRASHED	0	0
official-geo-svg-lines	false	776	0
official-geo-svg-map	CRASHED	0	0
official-geo-svg-map	false	358	0
official-geo-svg-scatter-simple	CRASHED	0	0
official-geo-svg-scatter-simple	false	3106	18
official-geo-svg-traffic	CRASHED	0	0
official-geo-svg-traffic	false	538	0
official-lines-airline	CRASHED	0	0
official-lines-airline	false	443	0
official-lines-ny	CRASHED	0	0
official-map-bar-morph	CRASHED	0	0
official-map-bar-morph	false	123	0
official-map-HK	CRASHED	0	0
official-map-HK	false	63	0
official-map-usa	CRASHED	0	0
official-map-usa	false	131	0
official-map-usa-projection	CRASHED	0	0
official-map-usa-projection	false	131	0
official-geo-lines	CRASHED	0	0
official-geo-lines	false	176	40
official-geo-map-scatter	CRASHED	0	0
official-geo-map-scatter	false	162	0
official-intraday-breaks-1	CRASHED	0	0
official-intraday-breaks-1	false	3212	1564
official-intraday-breaks-2	CRASHED	0	0
official-intraday-breaks-2	false	566	242
official-candlestick-simple	CRASHED	0	0
official-candlestick-simple	false	31	0
official-custom-ohlc	CRASHED	0	0
official-custom-ohlc	true	53	0
official-candlestick-sh	CRASHED	0	0
official-candlestick-sh	true	476	186
official-candlestick-large	CRASHED	0	0
official-candlestick-large	true	91	0
official-candlestick-touch	CRASHED	0	0
official-candlestick-touch	true	145	34
official-candlestick-brush	CRASHED	0	0
official-candlestick-brush	true	719	331
official-candlestick-sh-2015	CRASHED	0	0
official-candlestick-sh-2015	false	337	250
official-radar	CRASHED	0	0
official-radar	true	54	8
official-radar-aqi	CRASHED	0	0
official-radar-aqi	false	176	62
official-radar-custom	CRASHED	0	0
official-radar-custom	true	108	23
official-radar2	CRASHED	0	0
official-radar2	true	297	54
official-radar-multiple	CRASHED	0	0
official-radar-multiple	true	176	42
official-data-transform-aggregate	CRASHED	0	0
official-data-transform-aggregate	true	78	0
official-boxplot-light-velocity	CRASHED	0	0
official-boxplot-light-velocity	false	65	0
official-boxplot-light-velocity2	CRASHED	0	0
official-boxplot-light-velocity2	false	65	0
official-boxplot-multi	CRASHED	0	0
official-boxplot-multi	true	79	8
official-heatmap-cartesian	CRASHED	0	0
official-heatmap-cartesian	false	169	0
official-heatmap-large	CRASHED	0	0
official-heatmap-large	false	20162	0
official-heatmap-large-piecewise	CRASHED	0	0
official-heatmap-large-piecewise	false	20174	0
official-heatmap-map	CRASHED	0	0
official-heatmap-map	false	115	0
official-graph-force2	CRASHED	0	0
official-graph-force2	true	519	0
official-graph-grid	CRASHED	0	0
official-graph-grid	false	41	0
official-graph-simple	CRASHED	0	0
official-graph-simple	false	23	0
official-graph-label-overlap	CRASHED	0	0
official-graph-label-overlap	true	426	313
official-graph-circular-layout	CRASHED	0	0
official-graph-circular-layout	true	430	382
official-graph-force-dynamic	CRASHED	0	0
official-graph-force-dynamic	false	6	0
official-graph-life-expectancy	CRASHED	0	0
official-graph-life-expectancy	false	145	0
official-graph-webkit-dep	CRASHED	0	0
official-graph-webkit-dep	true	1520	0
official-graph-npm	CRASHED	0	0
official-graph-npm	false	2383	0
official-tree-basic	CRASHED	0	0
official-tree-basic	true	158	0
official-tree-legend	CRASHED	0	0
official-tree-legend	true	62	16
official-tree-orient-bottom-top	CRASHED	0	0
official-tree-orient-bottom-top	true	335	0
official-tree-orient-right-left	CRASHED	0	0
official-tree-orient-right-left	true	158	0
official-tree-polyline	CRASHED	0	0
official-tree-polyline	true	181	0
official-tree-vertical	CRASHED	0	0
official-tree-vertical	true	335	0
official-treemap-sunburst-transition	CRASHED	0	0
official-treemap-sunburst-transition	false	2096	1363
official-treemap-drill-down	CRASHED	0	0
official-treemap-drill-down	false	486	312
official-treemap-show-parent	CRASHED	0	0
official-treemap-show-parent	false	313	198
official-treemap-simple	CRASHED	0	0
official-treemap-simple	false	21	10
official-treemap-visual	CRASHED	0	0
official-treemap-visual	false	693	447
official-treemap-obama	CRASHED	0	0
official-treemap-obama	false	709	447
official-sunburst-simple	CRASHED	0	0
official-sunburst-simple	false	14	0
official-sunburst-borderRadius	CRASHED	0	0
official-sunburst-borderRadius	false	14	0
official-sunburst-label-rotate	CRASHED	0	0
official-sunburst-label-rotate	false	17	0
official-sunburst-monochrome	CRASHED	0	0
official-sunburst-monochrome	false	47	0
official-sunburst-visualMap	CRASHED	0	0
official-sunburst-visualMap	false	29	0
official-sunburst-drink	CRASHED	0	0
official-sunburst-drink	false	115	0
official-sunburst-book	CRASHED	0	0
official-sunburst-book	false	69	0
official-scatter-matrix	CRASHED	0	0
official-scatter-matrix	true	3377	0
official-parallel-simple	CRASHED	0	0
official-parallel-simple	false	75	0
official-parallel-aqi	CRASHED	0	0
official-parallel-aqi	true	242	102
official-parallel-nutrients	CRASHED	0	0
official-parallel-nutrients	false	8001	0
official-sankey-simple	CRASHED	0	0
official-sankey-simple	false	14	0
official-sankey-vertical	CRASHED	0	0
official-sankey-vertical	false	14	0
official-sankey-itemstyle	CRASHED	0	0
official-sankey-itemstyle	false	215	0
official-sankey-levels	CRASHED	0	0
official-sankey-levels	false	135	0
official-sankey-energy	CRASHED	0	0
official-sankey-energy	false	121	0
official-sankey-nodeAlign-left	CRASHED	0	0
official-sankey-nodeAlign-left	false	121	0
official-sankey-nodeAlign-right	CRASHED	0	0
official-sankey-nodeAlign-right	false	121	0
official-funnel	CRASHED	0	0
official-funnel	true	36	4
official-funnel-align	CRASHED	0	0
official-funnel-align	true	52	16
official-gauge	CRASHED	0	0
official-gauge	false	90	0
official-gauge-simple	CRASHED	0	0
official-gauge-simple	false	91	1
official-gauge-speed	CRASHED	0	0
official-gauge-speed	false	70	1
official-gauge-stage	CRASHED	0	0
official-gauge-stage	false	92	1
official-gauge-grade	CRASHED	0	0
official-gauge-grade	false	77	1
official-gauge-multi-title	CRASHED	0	0
official-gauge-multi-title	false	102	0
official-gauge-temperature	CRASHED	0	0
official-gauge-temperature	false	111	1
official-gauge-barometer	CRASHED	0	0
official-gauge-barometer	false	146	1
official-gauge-clock	CRASHED	0	0
official-gauge-clock	false	120	0
official-gauge-car	CRASHED	0	0
official-gauge-car	false	200	0
official-pictorialBar-bar-transition	CRASHED	0	0
official-pictorialBar-bar-transition	true	116	81
official-pictorialBar-body-fill	CRASHED	0	0
official-pictorialBar-body-fill	false	75	2
official-pictorialBar-dotted	CRASHED	0	0
official-pictorialBar-dotted	true	694	20
official-pictorialBar-forest	CRASHED	0	0
official-pictorialBar-forest	false	78	0
official-pictorialBar-hill	CRASHED	0	0
official-pictorialBar-hill	true	22	0
official-pictorialBar-vehicle	CRASHED	0	0
official-pictorialBar-vehicle	true	116	81
official-pictorialBar-velocity	CRASHED	0	0
official-pictorialBar-velocity	false	83	0
official-themeRiver-basic	CRASHED	0	0
official-themeRiver-basic	true	69	5
official-themeRiver-lastfm	CRASHED	0	0
official-themeRiver-lastfm	false	63	0
official-calendar-pie	CRASHED	0	0
official-calendar-pie	true	198	84
official-calendar-charts	CRASHED	0	0
official-calendar-charts	false	512	93
official-calendar-heatmap	CRASHED	0	0
official-calendar-heatmap	false	788	0
official-calendar-vertical	CRASHED	0	0
official-calendar-vertical	false	2315	0
official-calendar-graph	CRASHED	0	0
official-calendar-graph	false	156	0
official-calendar-simple	CRASHED	0	0
official-calendar-simple	false	768	0
official-calendar-horizontal	CRASHED	0	0
official-calendar-horizontal	false	2315	0
official-calendar-lunar	CRASHED	0	0
official-calendar-lunar	false	204	0
official-calendar-effectscatter	CRASHED	0	0
official-calendar-effectscatter	true	508	48
official-matrix-sparkline	CRASHED	0	0
official-matrix-sparkline	false	503	0
official-matrix-mini-bar-geo	CRASHED	0	0
official-matrix-mini-bar-geo	true	884	20
official-matrix-stock	CRASHED	0	0
official-matrix-stock	false	2008	723
official-matrix-simple	CRASHED	0	0
official-matrix-simple	false	51	0
official-matrix-covariance	CRASHED	0	0
official-matrix-covariance	false	1266	0
official-matrix-graph	CRASHED	0	0
official-matrix-graph	false	42	0
official-matrix-pie	CRASHED	0	0
official-matrix-pie	true	215	54
official-matrix-confusion	CRASHED	0	0
official-matrix-confusion	false	26	0
official-matrix-grid-layout	CRASHED	0	0
official-matrix-grid-layout	false	287	0
official-matrix-periodic-table	CRASHED	0	0
official-matrix-periodic-table	false	346	0
official-matrix-mini-bar-data-collection	CRASHED	0	0
official-matrix-mini-bar-data-collection	false	156	0
official-chord-simple	CRASHED	0	0
official-chord-simple	true	25	5
official-chord-minAngle	CRASHED	0	0
official-chord-minAngle	true	35	7
official-chord-lineStyle-color	CRASHED	0	0
official-chord-lineStyle-color	true	47	15
official-chord-style	CRASHED	0	0
official-chord-style	true	48	16
official-custom-hexbin	CRASHED	0	0
official-custom-hexbin	false	1206	0
official-custom-calendar-icon	CRASHED	0	0
official-custom-calendar-icon	false	157	0
official-bar-histogram	CRASHED	0	0
official-bar-histogram	false	184	0
official-custom-profit	CRASHED	0	0
official-custom-profit	false	60	0
official-custom-error-scatter	CRASHED	0	0
official-custom-error-scatter	false	240	17
official-custom-bar-trend	CRASHED	0	0
official-custom-bar-trend	true	153	0
official-custom-cartesian-polygon	CRASHED	0	0
official-custom-cartesian-polygon	false	63	1
official-custom-error-bar	CRASHED	0	0
official-custom-error-bar	true	139	0
official-custom-profile	CRASHED	0	0
official-custom-profile	false	74	0
official-custom-gantt-flight	CRASHED	0	0
official-custom-gantt-flight	false	178	0
official-custom-polar-heatmap	CRASHED	0	0
official-custom-polar-heatmap	true	58	0
official-flame-graph	CRASHED	0	0
official-flame-graph	false	548	0
official-custom-wind	CRASHED	0	0
official-custom-wind	false	65612	0
official-custom-gauge	CRASHED	0	0
official-custom-gauge	false	9	1
official-geo-svg-custom-effect	CRASHED	0	0
official-geo-svg-custom-effect	false	3111	0
official-pie-parliament-transition	CRASHED	0	0
official-pie-parliament-transition	false	7	0
official-circle-packing-with-d3	CRASHED	0	0
official-circle-packing-with-d3	false	530	0
official-cycle-plot	CRASHED	0	0
official-cycle-plot	true	80	18
official-wind-barb	CRASHED	0	0
official-wind-barb	false	249	0
official-custom-spiral-race	CRASHED	0	0
official-custom-spiral-race	false	43	0
official-dataset-link	CRASHED	0	0
official-dataset-link	true	115	32
official-data-transform-sort-bar	CRASHED	0	0
official-data-transform-sort-bar	false	41	0
official-dataset-encode0	CRASHED	0	0
official-dataset-encode0	false	56	0
official-dataset-series-layout-by	CRASHED	0	0
official-dataset-series-layout-by	true	116	20
official-dataset-simple0	CRASHED	0	0
official-dataset-simple0	true	55	8
official-dataset-simple1	CRASHED	0	0
official-dataset-simple1	true	55	8
official-data-transform-multiple-pie	CRASHED	0	0
official-data-transform-multiple-pie	false	22	0
official-dataset-default	CRASHED	0	0
official-dataset-default	true	37	12
official-dataset-encode1	CRASHED	0	0
official-dataset-encode1	false	12554	0
official-area-simple	CRASHED	0	0
official-area-simple	true	80	0
official-line-graphic	CRASHED	0	0
official-line-graphic	false	64	9
official-graphic-stroke-animation	CRASHED	0	0
official-graphic-stroke-animation	false	2	0
official-graphic-loading	CRASHED	0	0
official-graphic-loading	false	9	0
