fix_status	priority	status	coverage	lane	area	swift	ts	portTodos	n_gaps	gaps	commit	notes
partial	high	major	40	3	component	Sources/EChartsKit/component/tooltip/TooltipView.swift	upstream/echarts/src/component/tooltip/TooltipView.ts	0	8	formatter (string/function callback) override of default markup not ported → custom tooltip.formatter content unavailable ||| position option (callback / string 'top'/'inside' / [x,y] array) + confine not ported → only default below/right-of-pointer, clamped placement ||| showDelay/hideDelay + transitionDuration animation + throttled _updatePosition (createOrUpdate) not ported → shows/hides synchronously, no move tween ||| findPointFromSeries not ported → showTip action without x/y falls back to view centre instead of series layout point ||| _showComponentItemTooltip not ported → component (markPoint/geo/timeline) item tooltips unavailable ||| _tryShow dispatcher walk (dataByCoordSys build, legend/component branches) + globalListener not ported; caller must pre-resolve series/dataIndex ||| _updateContentNotChangedOnAxis / _keepShow no-change-position-only update path not ported ||| TooltipHTMLContent host absent: renderMode forced 'richText', so renderMode:'html'/'auto' ignored	fa5cae7	addressed=2 | deferred=8
partial	high	major	55	2	chart	Sources/EChartsKit/chart/graph/GraphView.swift	upstream/echarts/src/chart/graph/GraphView.ts	0	7	_startForceLayoutIteration not driven; layout:'force' graphs never iterate/converge (only circular + simpleLayout render) ||| edgeSymbol from/toSymbol arrow markers (ECLinePath.setLinePoints) not drawn; edges are bare Line/BezierCurve ||| roam pan/zoom fully deferred: RoamController + applyViewCoordSysTransToElement + updateRoamControllerSimply not wired ||| node draggable (el.on('drag'/'dragend') per-layout reposition) not wired ||| circular rotateLabel via rotateNodeLabel deferred; node labels not rotated in circular layout ||| _renderThumbnail / thumbnailBridge deferred; no minimap thumbnail ||| _updateNodeAndLinkScale setSymbolScale (node/link roam scaling) deferred	af58c06	addressed=1 | deferred=6
partial	high	major	55	3	component	Sources/EChartsKit/component/timeline/SliderTimelineView.swift	upstream/echarts/src/component/timeline/SliderTimelineView.ts	2	7	_doPlayStop deferred: autoPlay never starts the advance timer, so the timeline never auto-advances ||| _updateTicksStatus deferred: tick symbols/labels before currentIndex never toggle the 'progress' state (no past-tick highlight) ||| onclick (_changeTimeline) not wired on ticks/labels/play/prev/next buttons: every click is a no-op ||| checkpoint pointer drag (_handlePointerDrag/_handlePointerDragend/_pointerChangeTimeline/_toAxisCoord) deferred: pointer not draggable ||| ensureState('emphasis'/'progress') + enableHoverEmphasis omitted on all elements: no hover emphasis ||| giveSymbol collapsed to create-only; pointerMoveTo animateTo branch absent, so pointer index changes never animate ||| remove()/dispose() (_clearTimer) not ported	9328796	addressed=3 | deferred=3
fixed	high	major	60	3	chart	Sources/EChartsKit/chart/lines/LinesView.swift	upstream/echarts/src/chart/lines/LinesView.ts	0	5	`clip` option not wired — createClipPath(coordSys)+group.setClipPath omitted, so overflow clipping of lines is unavailable ||| Large mode (isLargeDraw / LargeLineDraw) not ported — large-mode lines series do not render ||| incrementalPrepareRender / incrementalRender / updateTransform / eachRendered not wired — progressive rendering and transform-only roam/zoom updates absent ||| fromSymbol/toSymbol arrow markers, per-line label, and emphasis/blur states deferred (finishBuildLine) ||| Only Cartesian2D coordinate system handled — polar/geo lines drop to resetPersistentElements() and draw nothing	36b2e52	addressed=1 | deferred=4
partial	high	major	65	1	util	Sources/EChartsKit/util/graphic.swift	upstream/echarts/src/util/graphic.ts	1	5	setTooltipConfig not ported anywhere -> component-level item tooltipConfig (title/legend/geo/graphic/timeline) is unavailable ||| clipRectByRect not ported (only inlined per-demo) -> custom-series rect-clip helper missing ||| groupTransition not ported -> parallel-axis (and legacy group) transition animation is a no-op ||| calcZ2Range not ported -> z2-range label-lifting computation absent ||| extendShape/extendPath not ported -> user shape/path extension API unavailable	9da728d	addressed=5 | deferred=1
fixed	high	major	70	2	chart	Sources/EChartsKit/chart/treemap/TreemapView.swift	upstream/echarts/src/chart/treemap/TreemapView.ts	2	6	_initEvents node click (nodeClick zoomToNode / rootToNode / link windowOpen) is a no-op: clicking a tile never zooms or drills (treemapAction not ported) ||| _zoomToNode/_rootToNode dispatchAction deferred, and breadcrumb onSelect callback is empty: no drill/roll navigation at all ||| _onPan/_onZoom roam re-layout (treemapMove/treemapRender) replaced by a container-group transform: roam moves/scales tiles instead of re-laying-out the rootRect ||| _doAnimation (drill/roll re-root, fade-out-to-corner, fade-in) deferred; replaced by a simpler morph + opacity entrance fade ||| Hierarchical DataDiffer dualTravel replaced by static rebuild gated on node-count: no id-based element reuse across structural changes ||| renderBackground/renderContent emphasis/blur/select fills use setStatesStylesFromModel instead of upstream's state itemStyle with fill=borderColor, so state colors differ	7c90908	addressed=1 | deferred=5
partial	high	major	72	2	chart	Sources/EChartsKit/chart/custom/CustomView.swift	upstream/echarts/src/chart/custom/CustomView.ts	1	8	Per-state STATES loop that calls updateElOnState (upstream doCreateOrUpdateEl L1084-1089) is deferred: renderItem emphasis/blur/select {style,shape} overrides never applied ||| applyUpdateTransition/applyLeaveTransition deferred: transition/enterFrom/leaveTo/during-driven prop tweening does not animate (static apply + removeElementWithFadeOut substitute) ||| Group-child by-name diff (diffGroupChildren via DataDiffer, $mergeChildren:'byName') deferred: children rebuilt by index each render, losing per-child identity/animation ||| Legacy ec4 style compat (convertFromEC4CompatibleStyle/isEC4CompatibleStyle) and deprecated api.style/api.styleEmphasis return best-effort raw visual bag only ||| style.decal pattern (createOrUpdatePatternFromDecal) deferred: decals ignored on custom elements ||| api.getZr() and api.getDevicePixelRatio() stubbed (return nil / 1.0) ||| per-state z (updateZForEachState) and ec4 z2EmphasisLift/z2SelectLift=1 default not written; uses generic Z2 lift ||| renderItem params.context shared across datums upstream but copied per-datum here (value type), losing cross-datum state stash	9d63d46	addressed=4 | deferred=5
partial	high	major	80	1	chart	Sources/EChartsKit/chart/bar/BarView.swift	upstream/echarts/src/chart/bar/BarView.ts	0	6	realtimeSort entirely stubbed: _enableRealtimeSort/_dataSort/_updateSortWithinSameData/_dispatchInitSort/_isOrderChangedWithinSameData/_isOrderDifferentInView are no-ops → bar racing sort/reorder animation unavailable ||| itemStyle.borderRadius dropped: setShape('r', borderRadius) is a documented ZRenderKit no-op → bar corners never round ||| _incrementalRenderLarge is a no-op (createLarge incremental/progressive branch deferred) → progressive large-bar draw absent ||| setLabelValueAnimation deferred → bar label numeric roll-up animation missing ||| large-path mouse hit-test (largePathUpdateDataIndex throttle) deferred → tooltip/hover over large-mode bars cannot resolve dataIndex ||| polar roundCap (Sausage) and sector label rotation (setSectorTextRotation/getSectorCornerRadius) deferred → polar bars always square-capped, no rotated sector labels	48e0abb	addressed=3 | deferred=3
fixed	medium	major	20	2	component	Sources/EChartsKit/component/parallel/ParallelComponentView.swift	upstream/echarts/src/component/parallel/ParallelView.ts	0	4	The mousedown/mouseup/mousemove handler table is commented out and never registered via getZr().on, so axis-expand-on-click/mousemove never fires ||| _dispatchExpand body is commented; the parallelAxisExpand action is never dispatched even if the method is reached ||| createOrUpdate/debounceNextCall throttle wiring (axisExpandRate/axisExpandDebounce) not ported, so throttled expand dispatch is absent ||| checkTrigger gating (axisExpandable / axisExpandTriggerOn) unimplemented — interaction cannot be enabled	17524f2	deferred=4
fixed	medium	major	35	2	label	Sources/EChartsKit/label/labelGuideHelper.swift	upstream/echarts/src/label/labelGuideHelper.ts	0	5	updateLabelLinePoints not ported: the candidate-anchor guide-line generation entry (getCandidateAnchor/nearestPointOnPath/nearestPointOnRect) is absent ||| setLabelLineStyle not ported: no generic label-line creation/state styling (show/smooth/lineStyle/showAbove) — charts must draw leader lines inline ||| getLabelLineStatesModels not ported: no per-state (normal/emphasis/blur/select) labelLine model resolution ||| buildLabelLinePath / setLabelLineState not ported: smooth bezier leader-line path building is absent ||| projectPointToArc / projectPointToRect not ported (only projectPointToLine present), so nearestPointOnPath arc/rect projection unavailable	20f52da	deferred=5
fixed	medium	major	55	2	label	Sources/EChartsKit/label/LabelManager.swift	upstream/echarts/src/label/LabelManager.ts	0	5	processLabelsOverall + _updateLabelLine not ported: per-frame generic label-line style/point update (setLabelLineStyle/updateLabelLinePoints) never runs ||| _animateLabels not ported: label position tween, fade-in initProps opacity animation, and value roll-up (animateLabelValue) are absent ||| updateLayoutConfig draggable branch deferred: label drag + createDragHandler(updateLabelLinePoints) not wired ||| updateLayoutConfig labelLinePoints override (guideLine.setShape) not applied ||| textEl.disableLabelLayout gate omitted in addLabelsOfSeries, so a label opting out of layout is still collected	6e73c7f	deferred=5
fixed	medium	major	70	1	chart	Sources/EChartsKit/chart/map/MapView.swift	upstream/echarts/src/chart/map/MapView.ts	0	5	MapDraw + RoamController not ported → map pan/zoom roam is a no-op (__updateOnOwnRoam, geoRoam self-roam short-circuit inert) ||| mapToggleSelect select action/state path deferred → region click-select does not function ||| region↔symbol hover link (onHoverStateChange→setStatesFlag on legend circle) deferred → symbols don't react to region hover ||| projectionStream (d3 clip/resample) omitted; only per-point dataToPoint projection used ||| emphasis/select/blur state styles use getItemStyle not getFixedItemStyle → state areaColor fixup missing	fb5186c	addressed=2 | deferred=3
fixed	medium	major	70	3	component	Sources/EChartsKit/component/geo/GeoView.swift	upstream/echarts/src/component/geo/GeoView.ts	0	5	render's roam re-draw (__updateOnOwnRoam → mapDraw.__updateOnOwnRoam) is a documented no-op; geo pan/zoom does not re-render ||| _handleRegionClick → api.dispatchAction('geoToggleSelect') not wired; clicking a region toggles no selection ||| updateSelectStatus (traverse + enterSelect/leaveSelect per isSelected) not ported; selected-region highlight never applied ||| geoJSON region path draws only NORMAL itemStyle: no emphasis/select/blur states, no highDown dispatcher, so geoJSON region hover-emphasis is absent (only geoSVG has states) ||| findHighDownDispatchers geoJSON branch (_regionsGroupByName) returns nil; hover-link/highlight-by-name unsupported for geoJSON maps	1580608	addressed=4 | deferred=1
fixed	medium	major	72	1	chart	Sources/EChartsKit/chart/helper/SymbolDraw.swift	upstream/echarts/src/chart/helper/SymbolDraw.ts	0	2	incrementalPrepareUpdate/incrementalUpdate/eachRendered and _progressiveEls omitted — progressive (large-mode) symbol rendering unavailable ||| normalizeUpdateOpt not ported: opt passed as a bare isIgnore function is not coerced to {isIgnore}	bcbf75f	deferred=2
fixed	medium	major	75	1	chart	Sources/EChartsKit/chart/effectScatter/EffectScatterView.swift	upstream/echarts/src/chart/effectScatter/EffectScatterView.ts	0	5	createSymbolDrawOpt clipShape (createCoordSysClipAreaSimply) omitted, so the clip:true default is a no-op and symbols outside the coord area are not clipped ||| updateTransform (roam re-layout via pointsLayout.reset + updateLayout) not ported, so roam pan/zoom does not reposition ripples without a full render ||| _updateGroupTransform (matrix.clone of coordSys.getRoamTransform) not ported, so group roam transform is never applied ||| geo/singleAxis/matrix coordinate systems hit the else-branch early return, rendering nothing for effectScatter on those systems ||| remove() override (this._symbolDraw.remove(true)) not ported	29d2f33	addressed=5 | deferred=1
fixed	medium	major	75	2	chart	Sources/EChartsKit/chart/parallel/ParallelView.swift	upstream/echarts/src/chart/parallel/ParallelView.ts	0	3	incrementalRender is a full no-op: progressive/large-data render path (default progressive:300) draws nothing for datasets over the threshold ||| createGridClipShape enter clip-reveal animation (setClipPath growing rect) not ported; lines appear via an opacity-fade substitute ||| data.diff add/update/remove pipeline replaced by a count-gated morph; mismatched-count updates rebuild-and-snap instead of animating, and saveOldStyle update-transition unused	cf49518	addressed=3
fixed	medium	major	75	2	component	Sources/EChartsKit/component/axis/SingleAxisView.swift	upstream/echarts/src/component/axis/SingleAxisView.ts	0	4	splitArea builder is a no-op: rectCoordAxisBuildSplitArea (axisSplitHelper) not ported, so single-axis splitArea bands never render ||| remove() no-op: rectCoordAxisHandleRemove not ported, cached splitArea colors not cleared ||| pathStyleFromDict does not map lineDash (deferred), so dashed splitLine styling is dropped ||| graphic.groupTransition deferred: no anid-matched transition animation on re-render	9b63f28	addressed=3 | deferred=1
fixed	medium	major	75	3	component	Sources/EChartsKit/component/marker/MarkerModel.swift	upstream/echarts/src/component/marker/MarkerModel.ts	1	4	fillLabel is a no-op: defaultEmphasis(opt,'label',['show']) is not applied, so per-item emphasis-label defaults are dropped ||| formatTooltip returns nil (getRawValue unavailable) — marker tooltips produce no markup ||| getDataParams omits the DataFormatMixin base computation (color/encode/dimensionNames/value formatting), only host-series patch applied ||| DataFormatMixin not conformed: getFormattedLabel/getRawValue from the mixin are unavailable on marker models	6dc083e	addressed=4
fixed	medium	major	78	1	chart	Sources/EChartsKit/chart/tree/TreeView.swift	upstream/echarts/src/chart/tree/TreeView.ts	0	5	Radial label block (render() lines 389-444: rad/isLeft/setTextConfig rotation) deferred - radial-tree labels are unrotated and on the wrong side ||| symbolInnerColor (isExpand===false && children ? visualColor : neutral00) deferred - collapsed nodes lack the hollow inner-fill marker ||| _updateNodeAndLinkScale / calcCompensationScaleToPreserveNodeSize deferred - node symbols scale with zoom instead of preserving size under roam ||| drawEdge does not call setDefaultStateProxy(edge) (upstream line 555) - edge default state-transition proxy missing ||| Enter/remove animation (removeElement, fadeOut, source-old-layout grow-out) deferred - nodes/edges appear and vanish without tween	375f467	addressed=3 | deferred=2
fixed	medium	major	78	1	util	Sources/EChartsKit/util/layout.swift	upstream/echarts/src/util/layout.ts	2	6	applyPreserveAspect not ported: preserveAspect 'cover'/'contain' for geo/graphic/image components is unavailable ||| fetchLayoutMode not ported: component layoutMode resolution for mergeLayoutParam callers is absent ||| getLayoutParams not ported: retrieve LOCATION_PARAMS from a source option object is missing ||| sizeCalculable not ported (option[width] || (left&&right) size check) ||| createBoxLayoutReference omits the enableLayoutOnlyByCenter+dataToPoint POINT-kind branch and the __DEV__ error branch ||| vbox/hbox curried forwarders absent (no current consumer)	f3dd132	addressed=6 | deferred=1
fixed	medium	major	80	2	chart	Sources/EChartsKit/chart/pie/PieView.swift	upstream/echarts/src/chart/pie/PieView.ts	0	5	select-state selectedOffset dx/dy translate omitted: selecting a slice does not offset (explode) the sector/label/labelLine ||| getSectorCornerRadius not wired: itemStyle.borderRadius/innerCornerRadius ignored, cornerRadius forced to 0 ||| animationType:'scale' r-grow enter and SSR scaleX/scaleY branch not ported; only 'expansion' enter supported ||| itemStyle.cursor (itemModel.getShallow('cursor')) never applied to the sector ||| select/blur state getSectorCornerRadius shape merges omitted; _updateLabel guards leader line on labelLine.show instead of labelPosition outer/outside	4a0c04e	addressed=5
partial	medium	major	80	2	core	Sources/EChartsKit/core/ECharts.swift	upstream/echarts/src/core/echarts.ts	2	12	`convertToPixel`/`convertFromPixel` (data<->pixel coordinate conversion public API) not ported ||| `resize(opts)` not ported — no runtime resize / media-query re-resolve (driver takes fixed width/height at init) ||| `getOption()` (return current merged option tree) not ported ||| `getVisual(finder, visualType)` not ported ||| `clear`/`dispose`/`isDisposed` instance lifecycle not ported (no _disposed flag) ||| `showLoading`/`hideLoading` loading spinner not ported ||| `appendData` streaming/incremental data API not ported ||| module-level `connect`/`disconnect` cross-chart event mirroring not wired (MessageCenter exists but connect() absent) ||| `refineEvent` path unported: refined 'selectchanged' event never emitted (only non-refined select/unselect/toggleselect) ||| legacy dataSelectAction events (pieselectchanged/mapselectchanged/selected) not re-emitted ||| Scheduler progressive/large-mode incremental rendering + updateStreamModes framing not reproduced (renderTask runs synchronously) ||| `makeActionFromEvent` not ported	3e0f7f8	addressed=1 | deferred=11
fixed	medium	major	80	3	visual	Sources/EChartsKit/visual/symbolVisual.swift	upstream/echarts/src/visual/symbol.ts	0	2	Function-valued symbol props (symbolSize/symbol/symbolRotate/symbolOffset callbacks) not evaluated per data item — the seriesSymbolTask dataEach callback branch is not ported ||| dataSymbolTask omits the ecModel.isSeriesFiltered(seriesModel) skip and the performRawSeries/createOnAllSeries scheduler flags (invoked inline from views instead)	ac930f7	addressed=2 | deferred=1
fixed	medium	major	82	3	chart	Sources/EChartsKit/chart/radar/RadarView.swift	upstream/echarts/src/chart/radar/RadarView.ts	0	5	Per-vertex value label block (upstream setLabelStyle loop lines 251-265) not ported — radar label.show shows no vertex values ||| Per-state polygon.ensureState(stateName).ignore + per-state polyline/polygon/symbol itemStyle loop (lines 209-222) not applied ||| Vertex symbols ignore symbolRotate (createSymbol applies rotation upstream) ||| Vertex symbols don't apply full itemStyle/setColor/strokeNoScale (only createSymbol fill param) ||| ZRImage image-symbol branch (lines 236-244) deferred	a76e1c9	addressed=4 | deferred=1
fixed	medium	major	82	2	chart	Sources/EChartsKit/chart/sunburst/SunburstSeries.swift	upstream/echarts/src/chart/sunburst/SunburstSeries.ts	1	2	beforeLink wrapMethod('getItemModel') injection never fires (SeriesData.wrapMethod can't rebind Model-returning methods) so per-node model.parentModel=levelModel is dropped -> levels[] itemStyle/label not inherited ||| getDataParams override deferred (wrapTreePathInfo stub) so params.treePathInfo is absent from tooltip/label formatters	52656ed	deferred=2
partial	medium	major	82	1	coord	Sources/EChartsKit/coord/axisModelCreator.swift	upstream/echarts/src/coord/axisModelCreator.ts	1	3	registerComponentModel is a PORT-STUB no-op — creator-generated per-type axis model classes are never registered (ECharts.swift hand-written stand-in models serve instead) ||| registerSubTypeDefaulter is a PORT-STUB no-op — component sub-type inference from option not consulted for non-axis components ||| mergeDefaultAndTheme drops fetchLayoutMode/getLayoutParams/mergeLayoutParam branch — axis box-layout params (single/parallel axis positioning) not merged	5e84e86	addressed=2 | deferred=1
partial	medium	major	85	1	chart	Sources/EChartsKit/chart/gauge/GaugeView.swift	upstream/echarts/src/chart/gauge/GaugeView.ts	0	5	roundCap:true uses Sector not Sausage, so axisLine and progress arcs render square caps instead of round ||| detail valueAnimation count-up not driven: setLabelValueAnimation/animateLabelValue call sites omitted, detail updates to final value without tween ||| formatLabel function-callback formatter is a no-op (only the string '{value}' replacement branch works) ||| pointer icon of image:// form: the `pointer instanceof ZRImage` useStyle branch is deferred ||| title/detail/label built with minimal gaugeTextStyle (font/fill/align only) not createTextStyle, dropping textBorder/shadow/rich styling	54fa56c	addressed=3 | deferred=2
skipped	medium	major	85	3	coord	Sources/EChartsKit/coord/cartesian/Grid.swift	upstream/echarts/src/coord/cartesian/Grid.ts	4	3	layOutGridByOuterBounds is fully stubbed (returns noPxChange=true, no shrink) so grid.outerBounds and containLabel-without-legacy-impl never shrink the grid rect for label/name overflow ||| resolveAxisNameOverlapForGrid deferred: cross-perpendicular-axis name-overlap nudging (moveIfOverlapByLinearLabels) not applied; uses default resolver ||| createOrUpdateAxesView skips calcNameMarginLevel/nameMarginLevelMap so axis-name margins are not scaled by relative grid size		deferred=3
fixed	medium	major	88	3	visual	Sources/EChartsKit/visual/visualSolution.swift	upstream/echarts/src/visual/visualSolution.ts	0	2	__alphaForOpacity stored under a literal dict key is NOT filtered by prepareVisualTypes (contrary to the code comment), so an opacity visualMap/brush applies an extra colorAlpha, wrongly modifying item color alpha ||| createMappings prototype-hidden-field trick is only partially emulated: the hidden slot is iterable, unlike upstream where hasOwnProperty iteration skips it	a04b794	deferred=2
skipped	medium	minor	75	3	chart	Sources/EChartsKit/chart/lines/linesInstall.swift	upstream/echarts/src/chart/lines/install.ts	0	1	registerVisual(linesVisual) not fulfilled — linesVisual is not ported/registered anywhere; per-line palette-stroke + endpoint symbol/arrow visual stage is absent (series falls back to shared style stage)		deferred=1
partial	medium	minor	80	2	chart	Sources/EChartsKit/chart/scatter/ScatterView.swift	upstream/echarts/src/chart/scatter/ScatterView.ts	0	6	createSymbolDrawOpt clipShape (createCoordSysClipAreaSimply) omitted, so the default clip:true does not clip out-of-bounds points ||| updateTransform not overridden: coord-system transform animation (geo/polar roam) won't re-layout points via updateLayout ||| incrementalPrepareRender/incrementalRender not ported: large/progressive data renders single-pass with no progressive pipeline ||| remove() not overridden: _symbolDraw.remove(true) leave cleanup skipped when the series is removed ||| stacked scatter dim substitution (isDimensionStacked/stackResultDimension from pointsLayout) not wired, so stacked scatter plots un-stacked positions ||| matrix coordinateSystem branch is an early-return no-op (upstream renders via generic pointsLayout)	ff3b87c	addressed=4 | deferred=2
fixed	medium	minor	82	3	component	Sources/EChartsKit/component/graphic/GraphicView.swift	upstream/echarts/src/component/graphic/GraphicView.ts	0	5	updateCommonAttrs drops upstream's on* event-handler assignment loop, so click/mouse handlers on graphic elements are never wired (no-op) ||| graphicUtil.setTooltipConfig deferred: tooltip option on graphic elements is not configured ||| isEC4CompatibleStyle/convertFromEC4CompatibleStyle deferred: EC4 legacy style/textConfig/textContent options are not converted ||| updateCommonAttrs omits the `draggable` assignment: graphic elements cannot be dragged ||| applyUpdateTransition/applyLeaveTransition/updateLeaveTo/updateProps replaced by direct el.attr: enter/update/leave transitions and x/y position tween do not animate (final state correct)	5880426	deferred=4
partial	medium	minor	82	1	coord	Sources/EChartsKit/coord/View.swift	upstream/echarts/src/coord/View.ts	0	5	calcCompensationScaleToPreserveNodeSize not ported — graph/tree/sankey nodeScaleRatio (keep node size constant on zoom) unavailable ||| Roaming-animation syncBackEl path deferred: applyViewCoordSysTransToElement / calcOverallTransFromSyncBackEl / updateProps animation not ported ||| invertBackToCenterOption percent-center round-trip omitted — sync-back always returns numeric center, so percent centerOption is lost on roam ||| Action-handler roam entry points deferred: ownRoamModelCoordSysUpdateInAction, getOwnRoamViewCoordSys, ownRoamViewUpdateDirectlyInAction, syncBackRoamOptionToRoamHostModel model write-back ||| CoordinateSystem/CoordinateSystemMaster protocol conformance dropped (documented; concrete View type used by Geo)	c27f3cf	addressed=1 | deferred=4
fixed	medium	minor	85	1	animation	Sources/EChartsKit/animation/basicTransition.swift	upstream/echarts/src/animation/basicTransition.ts	0	4	getAnimationConfig does not consume ecModel.getUpdatePayload().animation, so dataZoom/resize global duration/easing/delay override is ignored ||| function-valued animationDuration/animationDelay(dataIndex) dropped: transNum returns nil so per-index staggered enter delay/duration falls back to 0 ||| getAnimationDelayParams hook (pictorial-bar per-element delay) not wired into animateOrSetProps ||| user removeOpt override on the leave path not modeled (leave still hardcodes 200ms/cubicOut)	8a6dde9	addressed=3 | deferred=1
fixed	medium	minor	85	3	chart	Sources/EChartsKit/chart/chord/ChordPiece.swift	upstream/echarts/src/chart/chord/ChordPiece.ts	0	2	setLabelStyle labelStateModels not wired: per-state (emphasis/blur/select) label styles, defaultOpacity, and 'startArc' defaultOutsidePosition not applied ||| graphic.updateProps({shape}) tween on non-firstCreate deferred (shape applied directly); port substitutes its own first-create endAngle sweep	02f4191	addressed=2
fixed	medium	minor	85	2	chart	Sources/EChartsKit/chart/graph/GraphSeries.swift	upstream/echarts/src/chart/graph/GraphSeries.ts	1	3	beforeLink nodeData.wrapMethod('getItemModel') is a no-op stub, so per-category parentModel reparenting (category itemStyle/label styling) never applies ||| edgeData wrapMethod resolveParentPath 'label'->'edgeLabel' redirect is a no-op stub (GraphView reimplements it only for labels, not model reads) ||| mergeDefaultAndTheme skips defaultEmphasis(option,'edgeLabel',['show']) so edgeLabel emphasis show default not applied	55d2531	deferred=3
partial	medium	minor	85	2	component	Sources/EChartsKit/component/axis/AxisBuilder.swift	upstream/echarts/src/component/axis/AxisBuilder.ts	3	6	Cross-axis name-overlap resolution is a no-op: resetOverlapRecordToShared/moveIfOverlap/moveIfOverlapByLinearLabels and shared.resolveAxisNameOverlap all deferred, so axis name is placed at nameGap without nudging away from labels ||| buildAxisLabel per-category textStyle override (rawCategoryItem.textStyle -> new Model) not wired; labelModel used for all labels ||| Function-form axisLabel.color callback dropped (ColorString==String); isFunction(textColor) branch not representable ||| axisLine breakLine rendering deferred (getAxisBreakHelper nil); plain Line always drawn even when breakLine+hasBreaks ||| setTooltipConfig and triggerEvent eventData / addBreakEventHandler on axis name and labels deferred ||| nameMarginLevel margin-level defaults (DEFAULT_*_NAME_MARGIN_LEVELS) unused; name geometry margins not applied	1c9d2a2	addressed=3 | deferred=6
fixed	medium	minor	85	2	component	Sources/EChartsKit/component/axis/CartesianAxisView.swift	upstream/echarts/src/component/axis/CartesianAxisView.ts	0	4	splitArea builder is a no-op: rectCoordAxisBuildSplitArea not ported, so alternating splitArea background bands are never drawn ||| graphic.groupTransition between old/new axis group deferred; axis re-layout snaps without animation (final geometry correct) ||| remove() no-op: rectCoordAxisHandleRemove (clears cached splitArea colors) not ported ||| lineStylePropsFromDict does not bridge lineDash to LineDash enum; dashed split lines render solid	dfa8763	deferred=4
fixed	medium	minor	85	3	component	Sources/EChartsKit/component/dataZoom/SliderZoomView.swift	upstream/echarts/src/component/dataZoom/SliderZoomView.ts	0	4	_showDataInfo is a PortStub no-op: dragging a handle never reveals the emphasis handle-label and moveHandle never gets highlighted ||| _renderDataShadow draws one area+line but omits the selectedDataBackground overlay and the 3-segment clip-path split of _updateView ||| onmouseover/onmouseout (_onOverDataInfoTriggerArea) not wired on handles/moveZone, so _isOverDataInfoTriggerArea stays false and hover data-info never fires ||| data-shadow simplifies upstream: no candlestick getShadowDim, no time-axis thisCoord mapping, no empty-value gap insertion	a8623aa	addressed=4
partial	medium	minor	85	3	component	Sources/EChartsKit/component/marker/MarkAreaView.swift	upstream/echarts/src/component/marker/MarkAreaView.ts	3	5	Label block (setLabelStyle + getECData().dataModel) is a no-op; markArea labels never render — deferred pending MarkerModel DataFormatMixin/DataModel conformance ||| getSingleMarkerEndPoint drops the seriesModel.getMarkerPosition branch, so bar/candlestick markArea corners are not snapped to category ticks ||| 1D markArea items (single-object data) return nil in markAreaTransform and are silently dropped (upstream normalizes them earlier) ||| updateProps is a no-animation shim; markArea does not animate on data change ||| updateTransform (transform-only re-layout on zoom/pan) is defined but not wired into the render pipeline	d77737e	addressed=2 | deferred=3
partial	medium	minor	85	2	component	Sources/EChartsKit/component/toolbox/ToolboxView.swift	upstream/echarts/src/component/toolbox/ToolboxView.ts	0	5	Title-overflow reposition block (isVertical||group.eachChild emphasisState.textConfig) deferred; titles can render off-screen ||| graphic.setTooltipConfig on icons deferred (no icon tooltips) ||| payload.newTitle/featureName merge (FIX#11236 MagicType title update) not ported ||| DataDiffer add/update/remove reduced to rebuild-each-render; removed features' dispose not called on re-render ||| image:// icon branch of createIcon deferred (only path/svg icons)	b75f3a6	addressed=1 | deferred=4
partial	medium	minor	88	1	chart	Sources/EChartsKit/chart/sankey/SankeyView.swift	upstream/echarts/src/chart/sankey/SankeyView.ts	0	4	edge setStatesStylesFromModel omits the applyCurveStyle callback, so an emphasis-state lineStyle.color sentinel ('source'/'target'/'gradient') is not resolved to a real paint ||| node/edge decal (setStyle('decal', getVisual('style').decal) and applyCurveStyle decal branches) is not bridged ||| first-render grow-in clip animation (createGridClipShape width tween) replaced by a per-node opacity fade ||| label labelFetcher.getFormattedLabel is called with dataType=nil instead of 'node'/'edge', and edge label skips the retrieve3 formatter-inheritance guard	13ee2fb	addressed=3 | deferred=1
partial	medium	minor	88	1	model	Sources/EChartsKit/model/Series.swift	upstream/echarts/src/model/Series.ts	7	6	mergeDefaultAndTheme: fetchLayoutMode/getLayoutParams + final mergeLayoutParam (layout-mode box-position merge) deferred — box-layout series miss layout-param merging ||| mergeDefaultAndTheme: modelUtil.defaultEmphasis(option,'label',['show']) top-level label emphasis default not applied ||| fillDataTextStyle: per-item defaultEmphasis(data[i],'label',['show']) is a no-op loop — per-datum label emphasis default missing ||| getData(dataType): getLinkedData(dataType) branch not ported — base always returns main data (graph/tree edge routing relies on subclass overrides) ||| getAllData: getLinkedDataAll not ported — always returns [{data: mainData}] ||| getCurrentTask always returns nil (Scheduler routing deferred to C2) — getData/setData never read a live task context.data, always fall back to inner.data	e613741	addressed=2 | deferred=4
fixed	medium	minor	90	1	chart	Sources/EChartsKit/chart/heatmap/HeatmapView.swift	upstream/echarts/src/chart/heatmap/HeatmapView.ts	0	4	_renderOnCalendar and _renderOnMatrix omit setLabelStyle, so calendar/matrix heatmap cells render no per-cell value labels (upstream applies them in _renderOnGridLike) ||| matrix and calendar cell Rects omit upstream's z2:1 ||| incremental path omits rect.incremental = getIncrementalId(...) and emphasis.hoverLayer = HOVER_LAYER_FOR_INCREMENTAL ||| calendar path builds cells from dataToPoint±cellSize/2 rather than upstream dataToLayout().contentRect||rect, ignoring cell-gap contentRect	76b70d1	addressed=4
fixed	medium	minor	90	2	component	Sources/EChartsKit/component/legend/LegendView.swift	upstream/echarts/src/component/legend/LegendView.ts	2	5	Per-item tooltip deferred: setTooltipConfig call in _createItem omitted, so legend item tooltip never shows ||| triggerEvent packEventData deferred: legend items emit no eventData when triggerEvent:true ||| Function-form formatter unsupported; only string formatter ('{name}' replace) is applied ||| click omits upstream dispatchSelectAction's downplay-before/highlight-after sequence (only legendToggleSelect fired) ||| Custom-series getLegendIcon receives iconRotate:0 instead of the symbolRotate option, dropping custom icon rotation	1d82eda	deferred=5
fixed	medium	minor	90	2	component	Sources/EChartsKit/component/legend/ScrollableLegendView.swift	upstream/echarts/src/component/legend/ScrollableLegendView.ts	1	3	createPageButton omits the onclick binding, so page-arrow clicks never call _pageGo — user page-flip is a no-op ||| pageFormatter function-callback path unsupported; only the {current}/{total} string template is handled ||| scrollLegendZRColor bridges only string page-icon fill colors; gradient/pattern color objects dropped	9d63d46	deferred=3
skipped	medium	minor	90	3	data	Sources/EChartsKit/data/helper/linkSeriesData.swift	upstream/echarts/src/data/helper/linkSeriesData.ts	0	1	Transferable downSample/map and changable filterSelf/selectRange injections are stored but never fired, so struct.update() won't run on filter/selectRange (graph/tree dataZoom+sampling)		deferred=1
fixed	medium	minor	90	3	ZRenderKit	Sources/ZRenderKit/Element.swift	upstream/zrender/src/Element.ts	7	5	updateInnerText omits the autoOverflowArea / overflowRect inverse-transform clamp → inside-text overflow area not computed ||| Hover-layer machinery dropped: shouldUseHoverLayer always returns NO and useState/useStates never set __inHover, so no separate hover-layer promotion ||| saveCurrentToNormalState omits the loop baking a running animateTo's final value into _normalState when a state change interrupts mid-flight ||| _applyStateObj replaced by compute-full-target + animateTo (_computeRestoreTarget/_stateApply); claimed equivalent but is a divergent state-application implementation ||| Legacy position/scale/origin array accessors (createLegacyProperty/enhanceArray) not ported (deprecated shims)	a90dd82	deferred=5
partial	medium	minor	93	1	util	Sources/EChartsKit/util/states.swift	upstream/echarts/src/util/states.ts	2	3	blurComponent drops the `view.focusBlurEnabled` gate: blurs children of ANY component view rather than only opt-in views (Geo), over-blurring ||| createBlurDefaultState omits getFromStateStyle's animator saveTo mining: opacity of an in-flight non-blur style animation is ignored when blurring ||| setAsHighDownDispatcher does not copy highDownSilentOnTouch (ECElement not consumed): touch-silent highlight suppression is a no-op	555985e	addressed=1 | deferred=2
fixed	low	stub	30	2	chart	Sources/EChartsKit/chart/boxplot/boxplotInstall.swift	upstream/echarts/src/chart/boxplot/install.ts	0	2	install() body is commented out; the four register* calls and registerBoxplotAxisHandlers are never invoked from this file (relies on unverified driver wiring) ||| Stale port-notes claim BoxplotView and boxplotTransform are 'NOT ported' though both sibling Swift files now exist and are implemented	872b2f0	addressed=1 | deferred=1
partial	low	minor	60	2	Core	Sources/ZRenderKit/Core/util.swift	upstream/zrender/src/core/util.ts	3	4	each/map/reduce/filter/find only accept arrays; upstream also iterates Dictionary objects and ArrayLike ||| createHashMap/HashMap Map-shim not ported (callers must use Swift Dictionary) ||| isFunction uses a String(describing:type) '->' heuristic; isObject uses Mirror .class — approximations, not exact typeof semantics ||| bind/curry/inherits/mixin/slice/trim/isPrimitive/hasOwn/concatArray not ported (idiomatic call-site replacements)	fbd06a1	addressed=1 | deferred=4
fixed	low	minor	75	2	chart	Sources/EChartsKit/chart/graph/graphHelper.swift	upstream/echarts/src/chart/graph/graphHelper.ts	0	1	getNodeGlobalScale never calls calcCompensationScaleToPreserveNodeSize for a view coord sys — always returns 1, so nodeScaleRatio/size-compensation under roam zoom is not applied	5f6ff0c	addressed=1
skipped	low	minor	75	1	chart	Sources/EChartsKit/chart/map/mapInstall.swift	upstream/echarts/src/chart/map/install.ts	0	1	createLegacyDataSelectAction('map', registerAction) is deferred → map region legacy select actions unavailable		deferred=1
partial	low	minor	75	2	Core	Sources/ZRenderKit/Core/platform.swift	upstream/zrender/src/core/platform.ts	2	2	createCanvas always returns nil and loadImage is a no-op returning nil (upstream creates a real HTMLCanvasElement / new Image()), so image loading via platformApi is unavailable ||| setPlatformAPI replaces the global platformApi wholesale instead of upstream's per-key partial merge, so single-method overrides drop the other methods	85a8880	addressed=1 | deferred=1
fixed	low	minor	78	1	chart	Sources/EChartsKit/chart/helper/treeHelper.swift	upstream/echarts/src/chart/helper/treeHelper.ts	0	1	wrapTreePathInfo not ported — treePathInfo (name/dataIndex/value chain) for tree/sunburst/treemap getDataParams tooltips unavailable	d22b1ba	deferred=1
skipped	low	minor	85	1	chart	Sources/EChartsKit/chart/bar/pictorialBarInstall.swift	upstream/echarts/src/chart/bar/installPictorialBar.ts	0	1	No code in this file; correctness of the 4 registrations (view, series, cross-series layout, progressive layout) + registerBarGridAxisHandlers depends on ECharts.installOnce wiring not verifiable here		deferred=1
fixed	low	minor	85	3	chart	Sources/EChartsKit/chart/chord/ChordView.swift	upstream/echarts/src/chart/chord/ChordView.ts	0	3	getECData(el).dataIndex tagging not wired on pieces or edges, so hover/tooltip/highlight cannot resolve the chord datum ||| first-render grow-in scale animation deferred (group.scaleX/Y=0.01 + parsePercent origin + graphic.initProps to 1); renders at final scale immediately ||| removeElementWithFadeOut on removed nodes/edges deferred; static rebuild drops elements instantly with no fade-out	96450d9	addressed=3
skipped	low	minor	85	1	chart	Sources/EChartsKit/chart/effectScatter/effectScatterInstall.swift	upstream/echarts/src/chart/effectScatter/install.ts	0	1	registerLayout(layoutPoints('effectScatter')) is not wired; per-datum placement is inlined in the view instead of a registered layout stage		deferred=1
skipped	low	minor	85	2	chart	Sources/EChartsKit/chart/graph/createView.swift	upstream/echarts/src/chart/graph/createView.ts	2	2	getViewRect does not port applyPreserveAspect(seriesModel, viewRect, aspect) — view rect aspect-ratio preservation is skipped (aspect ignored) ||| Does not register through injectCoordSysByOption/createViewCoordSysSimply pipeline; a GraphViewCoordSys stand-in is assigned directly (View returns pixel not data-space rect)		deferred=2
fixed	low	minor	85	1	chart	Sources/EChartsKit/chart/heatmap/HeatmapBlurLayer.swift	upstream/echarts/src/chart/heatmap/HeatmapLayer.ts	0	2	_getGradient stores gradient alpha as clampU8(c[3]*255) not upstream's 0/1 Uint8ClampedArray rounding, so update()'s `gradient[+3]*alpha*256` overflows and clamps every heat pixel to full opacity (breaks the soft fade / minOpacity) ||| canvas shadowBlur Gaussian brush replaced by analytic smootherstep falloff in _getBrush; blob edge shape only approximates the Gaussian (sanctioned deviation)	5050af3	deferred=2
fixed	low	minor	85	1	chart	Sources/EChartsKit/chart/line/LineSeries.swift	upstream/echarts/src/chart/line/LineSeries.ts	0	4	defaultOption omits `emphasis: { scale: true }` so line symbols do not scale on hover by default ||| defaultOption omits `label: { position: 'top' }`, changing default line-label placement ||| defaultOption omits `universalTransition: { divideShape: 'clone' }` default for morph transitions ||| getLegendIcon drops upstream's symbolRotate / iconRotate:'inherit' rotation + setOrigin handling	54c6ac2	addressed=4
fixed	low	minor	85	3	chart	Sources/EChartsKit/chart/lines/EffectLine.swift	upstream/echarts/src/chart/helper/EffectLine.ts	0	2	Continuity-trail scaleY stretch for symbolType 'line'/'rect'/'roundRect' deferred (line 262); those effect symbols render without the trailing stretch (default 'circle' unaffected) ||| Upstream `symbol.setStyle(effectModel.getItemStyle(['color']))` not ported — effect.itemStyle (opacity/border) not applied to the trail symbol	a5f083a	addressed=2
partial	low	minor	85	1	chart	Sources/EChartsKit/chart/themeRiver/ThemeRiverView.swift	upstream/echarts/src/chart/themeRiver/ThemeRiverView.ts	0	3	DataDiffer add/remove not ported: layer add/remove or per-layer sample-count change does group.removeAll() rebuild instead of keyed incremental diff, losing per-layer remove/enter transitions ||| createGridClipShape entrance (graphic.Rect clip expanding 0→rect.width+100) deferred; replaced by an opacity fade — different animation mechanism ||| saveOldStyle(polygon) not called on the update/morph path, so style transitions across merge-mode setOption are not preserved	2efe502	addressed=1 | deferred=2
fixed	low	minor	85	2	component	Sources/EChartsKit/component/matrix/MatrixView.swift	upstream/echarts/src/component/matrix/MatrixView.ts	1	6	isFunction(formatter) label path is a no-op — custom function formatters fall through to default text instead of being invoked ||| setTooltipConfig call dropped — cell/text-overflow tooltips not wired (deferred interaction) ||| triggerEvent/getECData(cellRect).eventData block omitted — matrix cell click events with eventData never emitted ||| setLabelStyle replaced by standalone centered ZRText — no textContent inside-positioning, rich text, or state labels ||| label overflow clipPath branch (expandOrShrinkRect/invert/setClipPath) not ported — overflowing cell labels are not clipped to cell bounds ||| cellText.silent = !(triggerEvent||tooltipShow) + ignoreHostSilent not applied to the standalone label element	a6f5b20	
fixed	low	minor	85	2	component	Sources/EChartsKit/component/toolbox/ToolboxModel.swift	upstream/echarts/src/component/toolbox/ToolboxModel.ts	0	2	init() theme-feature backward-compat (_themeFeatureOption extract/recover) not ported ||| optionUpdated omits the per-feature theme merge (merge(featureOpt, themeFeatureOption[name]))	f1fa524	addressed=2
fixed	low	minor	88	1	chart	Sources/EChartsKit/chart/bar/PictorialBarView.swift	upstream/echarts/src/chart/bar/PictorialBarView.ts	0	4	prepareLineWidth omits `valueLineWidth /= pathForLineWidth.getLineScale()`, so borderWidth on rotated/scaled symbols is mis-sized (inert when borderWidth=0 default) ||| createPath drops upstream's ZRImage/`image://` symbol branch (createSymbol emits no images) so image-symbol pictorial bars don't render ||| does not monkeypatch getAnimationDelayParams / __pictorialAnimationIndex, so per-repeat-symbol staggered animationDelay ordering is lost ||| removeBar uses removeElementWithFadeOut (opacity fade of whole bar) instead of upstream per-path scaleX/Y->0 leave animation	49d2660	addressed=1 | deferred=3
skipped	low	minor	88	2	chart	Sources/EChartsKit/chart/boxplot/boxplotTransform.swift	upstream/echarts/src/chart/boxplot/boxplotTransform.ts	0	1	Does not port the SOURCE_FORMAT_ARRAY_ROWS guard/throwError; non-array-rows input is silently coerced to empty rows instead of erroring		deferred=1
fixed	low	minor	88	1	chart	Sources/EChartsKit/chart/helper/EffectSymbolElement.swift	upstream/echarts/src/chart/helper/EffectSymbol.ts	0	3	updateRipplePath uses effectCfg.color only; upstream's `rippleEffectColor || color` is not honored, so rippleEffect.color option is ignored ||| rippleGroup.rotation from symbolRotate (`(symbolRotate||0)*PI/180`) is never applied, so rings don't rotate with the symbol ||| fadeOut(cb) method omitted	7351ce2	addressed=3
fixed	low	minor	88	3	chart	Sources/EChartsKit/chart/lines/linesLayout.swift	upstream/echarts/src/chart/lines/linesLayout.ts	0	2	`plan: createRenderPlanner()` set to nil (signature mismatch) — no per-render incremental/progressive planning split for lines ||| reset guards `coordSys as? Cartesian2D` only — polar/geo/calendar lines produce no layout (protocol-witness dataToPoint deviation)	85bae39	deferred=2
partial	low	minor	88	2	chart	Sources/EChartsKit/chart/sunburst/SunburstPiece.swift	upstream/echarts/src/chart/sunburst/SunburstPiece.ts	1	3	Per-state label placement (x/y/rotation/align of DISPLAY_STATES emphasis/blur/select) deferred; only NORMAL-state geometry is applied ||| Per-state corner-radius shape augmentation deferred: setStatesStylesFromModel sets ensureState().style but not ensureState().shape ||| Entrance animation sweeps endAngle instead of upstream's r0->r radius expansion (documented intentional deviation)	a82dd85	addressed=1 | deferred=2
fixed	low	minor	88	2	chart	Sources/EChartsKit/chart/sunburst/SunburstView.swift	upstream/echarts/src/chart/sunburst/SunburstView.ts	0	3	nodeClick:'link' branch (windowOpen open URL) is deferred — clicking a node configured with link does nothing ||| DataDiffer getId-keyed add/update/remove replaced by positional count-gated reuse (canMorph); identity changes at equal count morph the wrong pieces ||| renderRollUp always removes+recreates virtualPiece instead of updateData-morphing the existing roll-up sector on update	e345e5f	addressed=3
partial	low	minor	88	3	component	Sources/EChartsKit/component/axisPointer/axisTrigger.swift	upstream/echarts/src/component/axisPointer/axisTrigger.ts	6	3	series.getAxisTooltipData branch not ported (candlestick/boxplot/themeRiver axis snap) — always uses default indicesOfNearest ||| linkGroup.mapper is never invoked (makeMapperParam deferred); linked-axis value passes through unmapped instead of scale.parse(mapper(...)) ||| dispatchHighDownActually last-highlight store keyed on ExtensionAPI instead of api.getZr() (no getZr yet) — benign single-instance deviation	39ae1aa	addressed=2 | deferred=1
fixed	low	minor	88	3	component	Sources/EChartsKit/component/marker/MarkPointView.swift	upstream/echarts/src/component/marker/MarkPointView.ts	4	2	Callback-in-data-item branch (function symbol/symbolSize/symbolRotate/symbolOffset invoked with getRawValue/getDataParams) is a no-op stub — function-valued item symbols ignored ||| The `getECData(child).dataModel = mpModel` tooltip host-model tagging (eachItemGraphicEl traverse) is deferred, so markPoint tooltip won't resolve the model	9328796	deferred=2
partial	low	minor	90	1	chart	Sources/EChartsKit/chart/candlestick/CandlestickView.swift	upstream/echarts/src/chart/candlestick/CandlestickView.ts	0	3	_incrementalRenderLarge / createLarge(progressiveEls, incremental) overload is a no-op stub → large+progressive streaming datasets don't render incrementally ||| Element.incremental / getIncrementalId not ported: _incrementalRenderNormal omits el.incremental assignment ||| eachRendered uses group.traverse instead of graphic.traverseElements; progressive-els traversal path deferred	19a1a12	addressed=1 | deferred=2
fixed	low	minor	90	3	chart	Sources/EChartsKit/chart/chord/ChordEdge.swift	upstream/echarts/src/chart/chord/ChordEdge.ts	1	2	saveOldStyle + graphic.updateProps({shape}) enter/update tween deferred; ribbons snap to final shape instead of morphing on data update ||| applyEdgeFill source/target branches drop edgeStyle.decal = node.getVisual('style').decal (Pattern not bridged)	2b4bf96	addressed=2
partial	low	minor	90	1	chart	Sources/EChartsKit/chart/funnel/FunnelView.swift	upstream/echarts/src/chart/funnel/FunnelView.ts	0	2	setLabelLineStyle/getLabelLineStatesModels deferred: labelLine emphasis/blur/select per-state styling not applied (leader polyline drawn inline with a single stroke) ||| textGuideLineConfig.anchor is never set, so the label-guide anchor/turn-angle repositioning machinery is absent	826684f	addressed=1 | deferred=1
skipped	low	minor	90	1	chart	Sources/EChartsKit/chart/helper/LargeSymbolDraw.swift	upstream/echarts/src/chart/helper/LargeSymbolDraw.ts	0	2	incrementalUpdate renders the whole range in one path (no Float32Array subrange split / lastAdded merge); progressive/incremental draw driven by Scheduler task graph is not wired ||| canvas afterBrush fillRect boost replaced by largeSymbolBoostRects painter hook — equivalent output but different mechanism		deferred=2
fixed	low	minor	90	1	chart	Sources/EChartsKit/chart/helper/LineDraw.swift	upstream/echarts/src/chart/helper/LineDraw.ts	0	1	incrementalPrepareUpdate / incrementalUpdate / eachRendered and _progressiveEls are not ported, so progressive/streaming line rendering is unavailable (deferred like SymbolDraw)	a756a98	addressed=1
skipped	low	minor	90	1	chart	Sources/EChartsKit/chart/helper/SymbolElement.swift	upstream/echarts/src/chart/helper/Symbol.ts	0	3	ZRImage image-symbol branch in _updateCommon deferred (image symbols not styled/created) ||| fadeOut animates opacity only; scaleX/scaleY→0 and the fadeLabel text-fade branch deferred ||| __isEmptyBrush empty-brush style-clone branch not ported (empty symbols may mutate shared visual style)		deferred=3
skipped	low	minor	90	2	chart	Sources/EChartsKit/chart/sunburst/sunburstInstall.swift	upstream/echarts/src/chart/sunburst/install.ts	0	1	No live registration code in-file; relies on the Orchestrate/Integrate driver to register the view/model/layout/visual and installSunburstAction		deferred=1
partial	low	minor	90	1	chart	Sources/EChartsKit/chart/tree/TreeSeries.swift	upstream/echarts/src/chart/tree/TreeSeries.ts	0	2	beforeLink's nodeData.wrapMethod('getItemModel') is a no-op stub, so leaf nodes never reparent to leavesModel — `leaves` itemStyle/label/lineStyle options do not apply ||| getDataParams override not ported: tooltip params.treeAncestors (wrapTreePathInfo) and params.collapsed are absent	a68c376	addressed=1 | deferred=1
partial	low	minor	90	2	chart	Sources/EChartsKit/chart/treemap/Breadcrumb.swift	upstream/echarts/src/chart/treemap/Breadcrumb.ts	0	3	onclick=curry(onSelect,itemNode) not wired: clicking a breadcrumb item never drills/zooms (onSelect is a no-op at the TreemapView call site anyway) ||| packEventData omits treePathInfo (wrapTreePathInfo deferred) so breadcrumb event data lacks the tree ancestor path ||| (el as ECElement).disableLabelAnimation = true is a documented no-op	85d68db	addressed=1 | deferred=2
partial	low	minor	90	2	component	Sources/EChartsKit/component/axis/AngleAxisView.swift	upstream/echarts/src/component/axis/AngleAxisView.ts	0	3	axisLabel per-category textStyle override (rawCategoryData[tickValue].textStyle -> new Model) deferred; commonLabelModel used for every label ||| graphic.setTooltipConfig on axis labels deferred (no tooltip wiring) ||| pathStyleFromDict maps only String fill/stroke; gradient/pattern object color and lineDash not bridged	676a6de	addressed=2 | deferred=1
partial	low	minor	90	2	component	Sources/EChartsKit/component/axis/RadiusAxisView.swift	upstream/echarts/src/component/axis/RadiusAxisView.ts	0	3	graphic.groupTransition(oldAxisGroup,newAxisGroup) deferred: no anid-matched transition animation on re-render ||| layoutAxis z2:1 dropped (AxisBuilderCfg has no z2) so axis line/ticks not guaranteed drawn over splitLine/splitArea ||| pathStyleFromDict maps only String fill/stroke; gradient/pattern split colors silently dropped	bb3a145	addressed=1 | deferred=2
skipped	low	minor	90	3	component	Sources/EChartsKit/component/axisPointer/AxisPointerView.swift	upstream/echarts/src/component/axisPointer/AxisPointerView.ts	0	1	render() does not compute triggerOn from tooltip/axisPointer models nor register the updateAxisPointer globalListener; relocated to EChartsView host seam		deferred=1
fixed	low	minor	90	3	component	Sources/EChartsKit/component/calendar/CalendarView.swift	upstream/echarts/src/component/calendar/CalendarView.ts	0	4	_formatterLabel isFunction(formatter) branch is a no-op: a function year/month/day label formatter falls through to nameMap instead of being invoked ||| calendarCreateTextStyle populates only text/font/fill; upstream createTextStyle adds rich-text/textBorder/shadow label style fields ||| calendarPathStyleFromDict maps only String fill/stroke; gradient/pattern itemStyle and lineStyle paints are not parsed ||| lineDash (number[]|false) from splitLine lineStyle is not mapped onto the split-line polyline stroke	f8d715e	addressed=4
fixed	low	minor	90	3	component	Sources/EChartsKit/component/dataZoom/SliderZoomViewDrag.swift	upstream/echarts/src/component/dataZoom/SliderZoomView.ts	0	2	_onActualMoveZoneDrift/DragStart/DragEnd not ported: pan-drag on moveZone lacks the 'grabbing' cursor swap and _showDataInfo(true) reveal (wired via generic _wireDrift(.all) instead) ||| _onDragEnd calls _showDataInfo(false) which is a stubbed no-op, so end-of-drag label hide is inert	4731318	addressed=2 | deferred=1
fixed	low	minor	90	3	component	Sources/EChartsKit/component/marker/MarkLineView.swift	upstream/echarts/src/component/marker/MarkLineView.ts	5	1	The `getECData(el).dataModel = mlModel` tooltip host-model tagging loop is deferred (MarkerModel not DataFormatMixin), so markLine tooltip/formatter won't resolve the model	c8bc266	addressed=1
fixed	low	minor	90	3	component	Sources/EChartsKit/component/timeline/timelineAction.swift	upstream/echarts/src/component/timeline/timelineAction.ts	0	1	timelineChanged event object carries only currentIndex+from, not defaults(...,payload); other payload fields are dropped	1eee72c	addressed=1
fixed	low	minor	90	1	component	Sources/EChartsKit/component/title/installTitle.swift	upstream/echarts/src/component/title/install.ts	0	3	link/sublink 'click' handlers deferred (PORT-NOTE): clicking title/subtext does not call windowOpen to open the target URL ||| getECData(...).eventData wiring deferred: triggerEvent does not attach {componentType:'title', componentIndex} so title mouse events carry no eventData ||| local createTextStyle only sets text/font/fill/x/y/verticalAlign/width; upstream label/labelStyle rich-text, textShadow, lineHeight, ellipsis/overflow, inheritColor, background-box handling on textStyle/subtextStyle is dropped	eb80b4f	addressed=3
partial	low	minor	90	2	component	Sources/EChartsKit/component/toolbox/toolboxAction.swift	upstream/echarts/src/component/toolbox/feature/Restore.ts	0	2	RestoreOption.onclick's history.clear(ecModel) (dataZoom-history reset before restore) not ported in this file ||| computeMagicTypeOption (MagicType.onclick) reduced to line<->bar; 'stack'/'tiled' partial and markPoint/markLine carry-over deferred	29943ed	addressed=1 | deferred=2
partial	low	minor	90	3	component	Sources/EChartsKit/component/visualMap/ContinuousView.swift	upstream/echarts/src/component/visualMap/ContinuousView.ts	0	3	_updateHandle two-handle label-overlap merge (BoundingRect.intersect MTV nudge + switch both labels to 'all'-drag) deferred ||| _showIndicator additive animateTo (cubicInOut duration:100) indicator/label move deferred; final state set directly ||| ZRImage image-indicator branch of _createIndicator not ported (falls back to symbol path)	7878aab	addressed=2 | deferred=1
fixed	low	minor	90	3	coord	Sources/EChartsKit/coord/cartesian/cartesian2dPrepareCustom.swift	upstream/echarts/src/coord/cartesian/prepareCustom.ts	0	1	dataToCoordSize category branch calls axis.getBandWidth() instead of pinned upstream's calcBandWidth(axis).w (breaks/statistics-aware), so api.size() differs on category axes with breaks	53bdaf3	addressed=1
fixed	low	minor	90	2	coord	Sources/EChartsKit/coord/geo/GeoJSONResource.swift	upstream/echarts/src/coord/geo/GeoJSONResource.ts	0	2	fixNanhai not ported: China map's Nanhai islands inset regions are not synthesized ||| fixTextCoord/fixDiaoyuIsland not ported: per-region label-coord and Diaoyu island corrections skipped	2419102	
skipped	low	minor	90	2	core	Sources/EChartsKit/core/Scheduler.swift	upstream/echarts/src/core/Scheduler.ts	6	6	prepareView is a no-op: upstream pipes view.renderTask into the pipeline; deferred to C2 so progressive view render is not scheduler-driven ||| detectSeriseType always returns nil (mock-method reflection unportable); block-range narrowing for legacy pure-function handlers absent (perf only) ||| updateStreamModes ignores seriesModel.__preparePipelineContext override, always calling free preparePipelineContext (dormant while progressive off) ||| restorePipelines does not consult seriesModel.preventIncremental override when gating progressiveEnabled (dormant while progressive off) ||| getTargetSeries iteration uses unordered [String:SeriesModel] vs upstream insertion-ordered HashMap, making series-task/stub pipeline order non-deterministic ||| updatePayload drops the 'remain' sentinel branch (not representable); keep-previous-payload case not exercised		deferred=6
partial	low	minor	90	2	label	Sources/EChartsKit/label/labelLayoutHelper.swift	upstream/echarts/src/label/labelLayoutHelper.ts	2	2	Margin machinery is a documented no-op: marginForce/minMarginForce/marginDefault/__marginType and expandOrShrinkRect expansion are skipped in computeLabelGeometry, so minMargin/textMargin do not enlarge label rects ||| computeLabelGeometry2 (raw-rect+transform geometry, used for axis-break boundary labels) not ported	73f27e1	addressed=1 | deferred=1
skipped	low	minor	90	1	model	Sources/EChartsKit/model/OptionManager.swift	upstream/echarts/src/model/OptionManager.ts	4	3	doPreprocess seam is inert: ECUnitOption is a value type so registered preprocessors can't mutate baseOption/timelineOptions/mediaList in place (timeline & media options never get preprocessing applied) ||| setAsPrimitive typed-array-reuse guard for series.data/dataset.source is a no-op (util.setAsPrimitive not ported) ||| __DEV__ 'Illegal media option { query,option }' shape-error check inside the media loop is dropped		deferred=3
skipped	low	minor	90	2	Core	Sources/ZRenderKit/Core/env.swift	upstream/zrender/src/core/env.ts	0	2	configureNativeEnv overrides touchEventsSupported/transformSupported/transform3dSupported to true, diverging from upstream node branch defaults (deliberate native deviation) ||| detect() UA browser-detection path is never invoked on iOS (dead code, translated only for diffability)		deferred=2
skipped	low	minor	90	2	Core	Sources/ZRenderKit/Core/Eventful.swift	upstream/zrender/src/core/Eventful.ts	1	2	off(eventType, handler) cannot filter one handler by identity (closures not comparable) -> silently fails to unregister that handler ||| on() dedup loop (_h[i].h === handler) not ported -> re-binding the same closure registers it twice and fires it twice		deferred=2
skipped	low	minor	90	1	Graphic	Sources/ZRenderKit/Graphic/Pattern.swift	upstream/zrender/src/graphic/Pattern.ts	0	1	image typed as String only; the ImageLike (native image-object) arm of the pattern source is a deferred seam, so image-object patterns are not representable		deferred=1
fixed	low	minor	92	3	chart	Sources/EChartsKit/chart/chord/ChordSeries.swift	upstream/echarts/src/chart/chord/ChordSeries.ts	1	1	beforeLink resolveParentPath (redirect 'label'->'edgeLabel' via wrapMethod/getModel swap) is a no-op stub; edge label option paths resolve against 'label' not 'edgeLabel'	af87b6e	addressed=1
fixed	low	minor	92	1	chart	Sources/EChartsKit/chart/funnel/FunnelSeries.swift	upstream/echarts/src/chart/funnel/FunnelSeries.ts	0	1	_defaultLabelLine is a deferred no-op: labelLine.show / emphasis.labelLine.show are not gated on label.show, and defaultEmphasis(labelLine) defaults are not applied	ad0794a	addressed=1
partial	low	minor	92	1	chart	Sources/EChartsKit/chart/helper/ECLine.swift	upstream/echarts/src/chart/helper/Line.ts	0	3	setLabelStyle inheritColor defaults to '#000' instead of upstream tokens.color.neutral99, so unstyled labels inherit black not off-white ||| curved-edge label uses chord tangent + quadratic midpoint approximation instead of line.tangentAt/pointAt(halfPercent), so curved label rotation/align can differ ||| beforeUpdate per-frame reposition replaced by build/update-time _positionEndsAndLabel; mid-animation parent-scale changes aren't re-applied each frame	866ea7b	addressed=2 | deferred=1
fixed	low	minor	92	1	chart	Sources/EChartsKit/chart/sankey/sankeyVisual.swift	upstream/echarts/src/chart/sankey/sankeyVisual.ts	0	1	sankeyMapValueToColor stand-in replaces VisualMapping; when dataExtent min==max (single/all-equal nodes) it clamps t=0 -> palette color[0], whereas VisualMapping's linearMap returns 0.5 -> mid-palette color, so equal-value node fills differ	3e79725	addressed=1
skipped	low	minor	92	2	chart	Sources/EChartsKit/chart/treemap/TreemapSeries.swift	upstream/echarts/src/chart/treemap/TreemapSeries.ts	0	2	getDataParams override (treeAncestors/treePathInfo via wrapTreePathInfo) deferred: user formatter callbacks receive no tree-ancestor path ||| designatedVisualModel captured a copy of designatedVisualItemStyle, so treemapVisual's write-through to designatedVisualModel.get(['itemStyle',...]) is not observed (level-model path compensates)		deferred=2
partial	low	minor	92	3	component	Sources/EChartsKit/component/axisPointer/BaseAxisPointer.swift	upstream/echarts/src/component/axisPointer/BaseAxisPointer.ts	1	2	updateProps drops the moveAnimation graphic.updateProps transition branch (and lastProp memo) — crosshair/handle jump to position instead of animating; _moveAnimation computed but inert ||| zr add/remove of group and handle replaced by hostAdd/hostRemove/hostAddHandle seam closures (ExtensionAPI has no getZr) — sanctioned host deviation, but pointer is unhosted if integrator omits them	b3958f8	addressed=1 | deferred=1
partial	low	minor	92	2	component	Sources/EChartsKit/component/brush/brushVisual.swift	upstream/echarts/src/component/brush/visualEncoding.ts	1	2	throttle wrapper deferred: a non-zero throttleDelay emits brushselected on every drag step instead of at-most-once-per-window (default delay 0 matches upstream) ||| stepAParallel is a no-op (Parallel.hasAxisBrushed/eachActiveState unported): brushLink selection made on a parallel axis does not propagate to other series	9bc37a6	addressed=1 | deferred=1
fixed	low	minor	92	2	component	Sources/EChartsKit/component/helper/cursorHelper.swift	upstream/echarts/src/component/helper/cursorHelper.ts	0	1	reads coordinateSystem only via `as? SeriesModel`; upstream uses CoordinateSystemHostModel, so an axis/grid model covering the target skips the coordSys/z-order check and always allows roam	415a3e8	addressed=1
fixed	low	minor	92	3	component	Sources/EChartsKit/component/marker/MarkerView.swift	upstream/echarts/src/component/marker/MarkerView.ts	0	1	updateZ's traverseUpdateZ(markerDraw.group, z, zlevel) is a no-op; marker group z/zlevel from model is not propagated — deferred pending a shared traverseUpdateZ util	1cfbffb	addressed=1
partial	low	minor	92	3	component	Sources/EChartsKit/component/timeline/TimelineAxis.swift	upstream/echarts/src/component/timeline/TimelineAxis.ts	0	1	getViewLabels override builds one label per tick, ignoring label.interval that upstream base createAxisLabels would honor	fa43e48	addressed=1 | deferred=1
fixed	low	minor	92	3	component	Sources/EChartsKit/component/timeline/TimelineComponentModel.swift	upstream/echarts/src/component/timeline/TimelineModel.ts	0	1	SliderTimelineModel omits the DataFormatMixin mixin (formatTooltip/getDataParams), so timeline tooltip content is unavailable	c275aba	addressed=1
partial	low	minor	92	2	coord	Sources/EChartsKit/coord/geo/geoCreator.swift	upstream/echarts/src/coord/geo/geoCreator.ts	2	2	resizeGeo drops layout.applyPreserveAspect on the left/top/width/height path, so preserveAspect adjustment is not applied ||| scaleLimit is computed across the map-series group but never applied (roam deferred)	cf53748	addressed=1 | deferred=1
partial	low	minor	92	1	model	Sources/EChartsKit/model/Component.swift	upstream/echarts/src/model/Component.ts	1	3	mergeDefaultAndTheme omits layout.fetchLayoutMode/getLayoutParams + final mergeLayoutParam (box-layout param merge for layoutMode components) ||| mergeOption omits the layout.fetchLayoutMode/mergeLayoutParam branch, so left/right/width/height merge semantics are plain-merged not layout-aware ||| getDefaultOption legacy ParentClass.extend ancestor-merge branch dropped (unreachable: isExtendedClass always false)	612b3c5	addressed=2 | deferred=1
partial	low	minor	92	3	view	Sources/EChartsKit/view/Chart.swift	upstream/echarts/src/view/Chart.ts	0	2	makeInner(payload).updateMethod is inert (value-type Payload) so markUpdateMethod is a no-op and renderTaskReset drops the dynamic view[updateMethod] routing, always falling through to 'render' instead of updateView/updateVisual ||| eachRendered uses Group.traverse which visits children only, so unlike upstream traverseElements it never invokes cb on the root group element	718a289	addressed=1 | deferred=1
partial	low	minor	92	3	ZRenderKit	Sources/ZRenderKit/ZRender.swift	upstream/zrender/src/zrender.ts	0	3	_refresh's refreshHover path never paints a hover layer (painter.refresh only runs for the normal-layer branch) — hover-layer rendering deferred ||| opts.useDirtyRect is stored but the dirty-rect render optimization is not implemented (always full repaint; performance, not correctness) ||| useCoarsePointer === 'auto' env.touchEventsSupported defaulting not modeled — only an explicit opts.pointerSize is honored	2a1b121	addressed=1 | deferred=2
skipped	low	minor	92	2	Core	Sources/ZRenderKit/Core/event.swift	upstream/zrender/src/core/event.ts	2	2	transformCoordWithViewport is a nil stub (CSS-transform viewport mapping from dom.ts not ported; native UIKit bridge supplies zrX/zrY instead) ||| calculateZrXY yields (0,0) whenever reached because env.domSupported is false on native (path is bypassed since bridge pre-populates zrX)		deferred=2
skipped	low	minor	92	1	Graphic	Sources/ZRenderKit/Graphic/Displayable.swift	upstream/zrender/src/graphic/Displayable.ts	1	3	_applyStateObj drops the whole style transition/merge body (createStyle+_mergeStyle+_transitionState, inHoverOnlyStyleChange, PRIMARY_STATES_KEYS z/z2/invisible apply); only calls super. ||| _innerSaveToNormal does not clone this.style into _normalState.style nor _savePrimaryToNormal the z/z2/invisible keys. ||| _mergeStates does not merge each state's style into mergedState.style.		deferred=3
partial	low	minor	93	3	component	Sources/EChartsKit/component/axisPointer/modelHelper.swift	upstream/echarts/src/component/axisPointer/modelHelper.ts	0	2	collectSeriesInfo only handles Cartesian2D and Single coordSys; polar (and other) series never populate axisInfo.seriesModels, so their trigger:'axis' tooltip series data is missing ||| LinkGroup.mapper stored opaquely; cross-axis link value mapping is deferred (invoked in axisTrigger, not here)	5bff9f0	addressed=1 | deferred=1
partial	low	minor	93	2	coord	Sources/EChartsKit/coord/geo/GeoModel.swift	upstream/echarts/src/coord/geo/GeoModel.ts	0	2	init omits modelUtil.defaultEmphasis(option,'label',['show']) so emphasis label show default is not seeded ||| RoamHostModel conformance not declared; __ownRoamView returns erased Any? (roam interaction deferred)	f5ee7b0	addressed=1 | deferred=1
skipped	low	minor	93	3	ZRenderKit	Sources/ZRenderKit/Handler.swift	upstream/zrender/src/Handler.ts	3	3	dispatchToElement omits the el[onEventName] handler-prop path (onclick/onmousedown…) — only the .on() listener path fires (documented native seam) ||| dispatchToElement omits the CanvasPainter.eachOtherLayer user-layer event fan-out (canvas-only) ||| processGesture substitutes a sentinel Displayable for an empty-space pinch target instead of upstream's undefined, and dispatches the wrapped event		deferred=3
skipped	low	minor	95	1	chart	Sources/EChartsKit/chart/candlestick/candlestickLayout.swift	upstream/echarts/src/chart/candlestick/candlestickLayout.ts	0	2	handler.plan set to nil instead of createRenderPlanner() → progressive chunk planning not represented (reset recomputes each pass, so normal render unaffected) ||| axisSnippets helpers (makeAxisStatKey/createBandWidthBasedAxisContainShapeHandler/createMetricsNonOrdinalLinearPositiveMinGap) are local stubs, not the shared upstream module		deferred=2
fixed	low	minor	95	1	chart	Sources/EChartsKit/chart/candlestick/CandlestickSeries.swift	upstream/echarts/src/chart/candlestick/CandlestickSeries.ts	0	1	addOrdinal index-prepend writes back to option.data (value types) instead of upstream's dual-alias trick; a later mergeOption not replacing data would double-prepend the category index	e64847e	addressed=1
skipped	low	minor	95	2	chart	Sources/EChartsKit/chart/graph/forceHelper.swift	upstream/echarts/src/chart/graph/forceHelper.ts	0	1	Math.random() init-position and degenerate-overlap tiebreak replaced by deterministic golden-ratio scatter (port bans Math.random) — settled layout is reproducible but differs from echarts.js pixel positions		deferred=1
skipped	low	minor	95	2	chart	Sources/EChartsKit/chart/graph/forceLayout.swift	upstream/echarts/src/chart/graph/forceLayout.ts	0	1	Replaces upstream's single forceInstance.step() with a synchronous settle loop (up to 1500 iters) because the live per-frame animation host is not ported — static frame shows settled not first-step layout		deferred=1
partial	low	minor	95	1	chart	Sources/EChartsKit/chart/map/MapSeries.swift	upstream/echarts/src/chart/map/MapSeries.ts	2	2	__ownRoamView() (RoamHostModel ownership of the geo View) is a documented no-op — roam ownership deferred ||| shared-geo center/zoom/scaleLimit live-view roam state not wired (only initial options read)	9273836	addressed=1 | deferred=1
fixed	low	minor	95	2	chart	Sources/EChartsKit/chart/pie/PieSeries.swift	upstream/echarts/src/chart/pie/PieSeries.ts	0	1	_defaultLabelLine deferred (no-op): labelLine.show is not gated off when label.show:false, so leader lines still draw	659214d	addressed=1
skipped	low	minor	95	2	chart	Sources/EChartsKit/chart/sunburst/sunburstAction.swift	upstream/echarts/src/chart/sunburst/sunburstAction.ts	0	1	payload.direction = rollUp/drillDown write is a no-op (value-type Payload), only feeds the deferred entrance-animation routing		deferred=1
skipped	low	minor	95	3	component	Sources/EChartsKit/component/axisPointer/findPointFromSeries.swift	upstream/echarts/src/component/axisPointer/findPointFromSeries.ts	0	1	seriesModel.getTooltipPosition branch is a no-op (deferred): a cartesian series overriding getTooltipPosition gets dataToPoint fallback instead		deferred=1
skipped	low	minor	95	3	component	Sources/EChartsKit/component/axisPointer/globalListener.swift	upstream/echarts/src/component/axisPointer/globalListener.ts	1	1	handler fan-out is not throttled (util/throttle deferred) — upstream throttles; here handlers fire on every raw mousemove		deferred=1
skipped	low	minor	95	2	component	Sources/EChartsKit/component/helper/RoamController.swift	upstream/echarts/src/component/helper/RoamController.ts	0	2	isAvailableBehavior string-config path ('ctrl'/'shift'/'alt') always returns false — modifier-key-gated roam is unavailable since ZRRawEvent lacks shiftKey/ctrlKey/altKey ||| removeUniformListener is a no-op (Eventful can't remove a specific closure); the empty uniform stays bound and fans out to nothing — faithful in effect, not a behavior change		deferred=2
partial	low	minor	95	2	component	Sources/EChartsKit/component/toolbox/toolboxFeatureManager.swift	upstream/echarts/src/component/toolbox/featureManager.ts	0	2	ToolboxFeature.onclick drops upstream's `event: ZRElementEvent` arg (documented deferral) ||| UserDefinedToolboxFeature (`my*`) interface not modeled	b112ed9	addressed=1 | deferred=1
fixed	low	minor	95	3	component	Sources/EChartsKit/component/visualMap/visualEncoding.swift	upstream/echarts/src/component/visualMap/visualEncoding.ts	1	1	Handler #1 omits the `pipelineContext.large` short-circuit, so large/progressive-mode series would still run per-point encoding instead of skipping	1085195	addressed=1
skipped	low	minor	95	1	coord	Sources/EChartsKit/coord/axisStatistics.swift	upstream/echarts/src/coord/axisStatistics.ts	0	2	cycleCache is a local stub keyed per-ecModel with no automatic per-EC_FULL_UPDATE/EC_PREPARE reset (only manual resetCachePerECFullUpdate); upstream resets each cycle in echarts.ts ||| EChartsExtensionInstallRegisters base registerProcessor is a PORT-STUB that discards the AXIS_STATISTICS overallReset processor unless the real capturing subclass in ECharts.swift is used		deferred=2
fixed	low	minor	95	1	coord	Sources/EChartsKit/coord/polar/PolarAxisModel.swift	upstream/echarts/src/coord/polar/AxisModel.ts	0	1	updateAxisBreaks returns an empty AxisBreakUpdateResult stub, so axis-break feature is inert on polar axes	62f8ce7	addressed=1
skipped	low	minor	95	2	core	Sources/EChartsKit/core/ExtensionAPI.swift	upstream/echarts/src/core/ExtensionAPI.ts	0	1	`availableMethods` dynamic ecInstance forwarding (getDom/isSSR/isDisposed/on/off/getDataURL/getOption/getId/updateLabelLayout) not declared as abstract members — deferred to Phase 6b; unused by ported callers		deferred=1
fixed	low	minor	95	3	data	Sources/EChartsKit/data/helper/sourceManager.swift	upstream/echarts/src/data/helper/sourceManager.ts	1	2	disableTransformOptionMerge is a no-op (setAsPrimitive unported), so a transform option is deep-merged instead of replaced on a second setOption ||| needsCreateSource collapses JS null-vs-undefined on seriesLayoutBy in the dataset-upstream path (Optionals), may diverge from upstream	0a7f993	
skipped	low	minor	95	1	model	Sources/EChartsKit/model/Global.swift	upstream/echarts/src/model/Global.ts	4	1	_mergeOption wraps oldCmptList via compactMap, dropping 'hole' (removed) components, so replaceMerge index/hole preservation (design case 3) is not modeled		deferred=1
fixed	low	minor	95	1	util	Sources/EChartsKit/util/time.swift	upstream/echarts/src/util/time.ts	0	1	leveledFormat skips makeAxisLabelFormatterParamBreak enrichment, so a user function formatter on a break time-axis gets extra with no break info	adf5799	addressed=1
skipped	low	minor	95	3	visual	Sources/EChartsKit/visual/style.swift	upstream/echarts/src/visual/style.ts	3	1	decalOption.dirty=true and sharedModel.option.decal.dirty=true mutations not propagated (value-type bag) — deferred pending decal-pattern rendering		deferred=1
partial	low	minor	95	3	visual	Sources/EChartsKit/visual/VisualMapping.swift	upstream/echarts/src/visual/VisualMapping.ts	2	2	prepareVisualTypes replaces upstream's inconsistent sort comparator with a color-first stable partition; relative order of multiple color* types can differ ||| normalizeVisualRange flattens an object-form visual via nondeterministic Swift dict iteration, so paired visual assignment order can differ from JS insertion order	1fea2b0	addressed=1 | deferred=1
fixed	low	minor	95	2	Core	Sources/ZRenderKit/Core/WeakMap.swift	upstream/zrender/src/core/WeakMap.ts	0	1	has()/delete() return presence-based booleans, not upstream's `!!value` truthiness — a stored falsy value (0/''/false) reads has()==true where upstream returns false	35bfaf8	addressed=1
skipped	low	minor	95	1	Graphic	Sources/ZRenderKit/Graphic/Path.swift	upstream/zrender/src/graphic/Path.ts	4	1	_applyStateObj/_innerSaveToNormal/_mergeStates omit upstream shape-state merge/clone bodies; state-driven shape transitions routed through the live useState->animateTo path instead		deferred=1
skipped	low	minor	95	1	Graphic	Sources/ZRenderKit/Graphic/Text.swift	upstream/zrender/src/graphic/Text.ts	0	3	getFill/getStroke gradient/pattern branch (returns '#000' upstream) unreachable: fill/stroke are String, so gradient/pattern text fill/stroke unrepresentable ||| parseRichText backgroundColor.image token-width-from-image-size branch deferred (needs image-loading seam); token width falls back to measured text width ||| setSeparateFont drops the string arm of token fontSize (e.g. '12px'); svg-only field, no effect on canvas font since makeFont already builds the font string		deferred=3
partial	low	minor	95	2	Tool	Sources/ZRenderKit/Tool/ToolPath.swift	upstream/zrender/src/tool/path.ts	5	3	clonePath does not reassign path.buildPath = sourcePath.buildPath; a cloned SVGPath/custom-buildPath element renders base no-op geometry (only setShape carried) ||| buildPath/mergePath skip the getContext()/rebuildPath(ctx,1) Canvas2D percent-draw rebuild (sanctioned §9 renderer seam; native rebuilds from appended proxy) ||| clonePath setStyle uses replace (useStyle) not upstream's merge into default style; partial-source-style edge cases deferred	ee9cc9c	addressed=1 | deferred=2
partial	low	minor	96	1	chart	Sources/EChartsKit/chart/line/LineView.swift	upstream/echarts/src/chart/line/LineView.ts	7	3	`disableLabelAnimation = true` deferred in _initSymbolLabelAnimation/_initOrUpdateEndLabel — symbol/end labels may animate where upstream suppresses it ||| animationDelay/animationDuration callback (per-index function) form not modeled; only numeric delay is read ||| triggerLineEvent __DEV__ warnDeprecated warning omitted (behaviorally inert)	74523cd	addressed=1 | deferred=2
partial	low	minor	96	2	coord	Sources/EChartsKit/coord/geo/GeoSVGResource.swift	upstream/echarts/src/coord/geo/GeoSVGResource.ts	0	2	_buildGraphic silently yields an empty Group on parse failure instead of throwing upstream's 'Invalid svg format' error (assert(rootFromParse != null) omitted) ||| applyNameMap remains unported (matches upstream's own PENDING-commented state)	89c0c5c	addressed=1 | deferred=1
partial	low	minor	96	1	model	Sources/EChartsKit/model/Model.swift	upstream/echarts/src/model/Model.ts	8	2	clone() returns a base Model instead of reconstructing the concrete subclass (constructor-via-metatype avoided), so a subclass clone loses its type ||| isAnimationEnabled hardcodes !env.node true (ZRenderKit env.node=1) intentionally for native, diverging from upstream node-guard	7e69b98	addressed=1 | deferred=1
skipped	low	minor	96	1	util	Sources/EChartsKit/util/modelUtil.swift	upstream/echarts/src/util/model.ts	1	1	preParseFinder iterates ModelFinderObject via Swift Dictionary (unordered); upstream relies on object key order, so ambiguous multi-key finders may map differently		deferred=1
skipped	low	minor	97	1	chart	Sources/EChartsKit/chart/candlestick/candlestickVisual.swift	upstream/echarts/src/chart/candlestick/candlestickVisual.ts	0	1	handler.plan set to nil instead of createRenderPlanner() → progressive planning not represented (reset recomputes each pass)		deferred=1
fixed	low	minor	97	1	chart	Sources/EChartsKit/chart/funnel/funnelLayout.swift	upstream/echarts/src/chart/funnel/funnelLayout.ts	0	1	isFunction(sort) branch is a documented no-op: a user-supplied JS comparator function for `sort` is dropped (only 'ascending'/'descending'/'none' strings work)	47c39c0	addressed=1
fixed	low	minor	97	2	component	Sources/EChartsKit/component/legend/LegendModel.swift	upstream/echarts/src/component/legend/LegendModel.ts	0	1	"Numeric legend.data names coerce to """" (get(""name"") as? String) since select/isSelected assume String; numeric names mis-key the selected map"	835cc7f	addressed=1
fixed	low	minor	97	3	component	Sources/EChartsKit/component/radar/RadarComponentView.swift	upstream/echarts/src/component/radar/RadarView.ts	0	1	pathStyleFromDict drops a raw gradient/pattern OBJECT set as splitLine/splitArea `color` (only String/pre-built ZRColor bridged) — deferred option-dict→ZRColor bridge	cbeb73e	addressed=1
fixed	low	minor	97	3	component	Sources/EChartsKit/component/tooltip/tooltipMarkup.swift	upstream/echarts/src/component/tooltip/tooltipMarkup.ts	2	1	retrieveVisualColorForTooltipMarker via convertToColorStringLoose returns 'transparent' for a visual-style color stored as a typed ZRenderKit ZRColor instead of String/EChartsKit ZRColor (marker dot may lose color)	02bae26	addressed=1
fixed	low	minor	97	1	coord	Sources/EChartsKit/coord/scaleRawExtentInfo.swift	upstream/echarts/src/coord/scaleRawExtentInfo.ts	2	1	invokeAxisMinMaxCallback only casts one closure shape (([String:Double])->ScaleDataValue); an axis min/max function option of any other Swift signature is silently dropped to nil	a1bfd7f	addressed=1
skipped	low	minor	97	1	coord	Sources/EChartsKit/coord/radar/RadarModel.swift	upstream/echarts/src/coord/radar/RadarModel.ts	2	2	indicator model.uid keeps ComponentModel 'ec_cpt_model' prefix instead of getUID('ec_radar'); still unique, benign unless 'ec_radar' prefix is load-bearing ||| axisName.formatter function branch requires the erased closure to cast to RadarAxisNameFormatter; a differently-typed closure leaves name unchanged		deferred=2
skipped	low	minor	97	3	data	Sources/EChartsKit/data/Source.swift	upstream/echarts/src/data/Source.ts	1	1	keyedColumns branch of determineSourceDimensions iterates Swift's unordered Dictionary, so auto-detected dimension order may diverge from upstream JS insertion order		deferred=1
skipped	low	minor	97	3	data	Sources/EChartsKit/data/helper/createDimensions.swift	upstream/echarts/src/data/helper/createDimensions.ts	4	1	encodeDefMap built from a Swift `[String:Any]` dict loses JS insertion order, so encode-key iteration order (affecting availDimIdx assignment) can differ from upstream in edge cases		deferred=1
skipped	low	minor	97	2	label	Sources/EChartsKit/label/labelStyle.swift	upstream/echarts/src/label/labelStyle.ts	3	1	LabelExtendedTextStyle.__marginType tag is not stored on the style: the margin VALUE is computed but which of minMargin/textMargin produced it is lost, so downstream margin-conflict resolution (labelLayoutHelper margin expansion) cannot distinguish them		deferred=1
partial	low	minor	97	3	layout	Sources/EChartsKit/layout/barGrid.swift	upstream/echarts/src/layout/barGrid.ts	2	2	createProgressiveLayout sets handler.plan=nil (createRenderPlanner not wired), so progressive-render chunk planning differs from upstream; reset recomputes each pass ||| computeBarLayoutForCustomSeries does not resolve string-percent bar sizes (barGridOptionSize collapses strings to 0) for custom series	08363bf	addressed=1 | deferred=1
skipped	low	minor	97	3	layout	Sources/EChartsKit/layout/points.swift	upstream/echarts/src/layout/points.ts	0	1	handler.plan=nil (createRenderPlanner not wired), so progressive-render chunk planning differs from upstream; reset recomputes each pass		deferred=1
skipped	low	minor	97	1	util	Sources/EChartsKit/util/format.swift	upstream/echarts/src/util/format.ts	0	2	windowOpen is a native no-op (browser-only window.open has no host wiring yet) ||| formatTplSimple iterates a Swift Dictionary (unspecified order) vs upstream JS insertion order, diverging if one value contains another key's placeholder		deferred=2
fixed	low	minor	97	1	util	Sources/EChartsKit/util/log.swift	upstream/echarts/src/util/log.ts	0	1	makePrintable: JSON.stringify replacer that re-formats nested Infinity/NaN/Date/function values is dropped; bare scalars fall through to '?' (dev-only log text)	1edff11	addressed=1
skipped	low	minor	97	3	ZRenderKit	Sources/ZRenderKit/config.swift	upstream/zrender/src/config.ts	0	1	getDevicePixelRatio always returns 1 — the window.devicePixelRatio / screen.deviceXDPI branch is dropped (documented iOS native seam)		deferred=1
skipped	low	minor	97	1	Graphic	Sources/ZRenderKit/Graphic/TSpan.swift	upstream/zrender/src/graphic/TSpan.ts	0	1	DEFAULT_TSPAN_STYLE omits DEFAULT_PATH_STYLE.lineJoin default, so stroked-text corner joins default differently		deferred=1
skipped	low	minor	98	3	component	Sources/EChartsKit/component/dataZoom/dataZoomHistory.swift	upstream/echarts/src/component/dataZoom/history.ts	0	1	push() origin-range lookup matches any dataZoom by id instead of upstream's subType:'select' query (documented; toolbox-select subtype not ported)		deferred=1
fixed	low	minor	98	2	coord	Sources/EChartsKit/coord/parallel/ParallelAxisModel.swift	upstream/echarts/src/coord/parallel/AxisModel.ts	0	1	updateAxisBreaks(payload) always returns empty AxisBreakUpdateResult(breaks:[]) — axis-break feature is a no-op on parallel axes	1f60b6d	addressed=1
fixed	low	minor	98	3	data	Sources/EChartsKit/data/DataStore.swift	upstream/echarts/src/data/DataStore.ts	3	1	'int'-typed columns are not truncated to Int32 (all chunks are Double-backed [ParsedValue]), so integer-only storage semantics differ from CtorInt32Array	2df0259	addressed=1
fixed	low	minor	98	3	data	Sources/EChartsKit/data/SeriesData.swift	upstream/echarts/src/data/SeriesData.ts	4	1	wrapMethod only fires injections for 'cloneShallow' and 'getItemModel'; wrapping any other method name stores the injection but never invokes it (upstream rebinds arbitrary methods)	6c3df2e	addressed=1
fixed	low	minor	98	2	Core	Sources/ZRenderKit/Core/LRU.swift	upstream/zrender/src/core/LRU.ts	0	1	"LRUKey models string|number as a tagged enum: .number(1) and .string(""1"") are distinct, unlike JS which coerces numeric keys to strings and collides them"	4080f7e	addressed=1
skipped	low	minor	100	3	chart	Sources/EChartsKit/chart/chord/chordInstall.swift	upstream/echarts/src/chart/chord/install.ts	0	1	install() body is commented documentation only; correctness depends on the Orchestrate driver actually registering ChordView/ChordSeriesModel/chordCircularLayoutStageHandler/dataFilter('chord')		deferred=1
skipped	none	stub	100	3	component	Sources/EChartsKit/component/visualMap/installCommon.swift	upstream/echarts/src/component/visualMap/installCommon.ts	0	0			deferred=1
skipped	none	minor	60	1	chart	Sources/EChartsKit/chart/sankey/sankeyInstall.swift	upstream/echarts/src/chart/sankey/install.ts	0	0			deferred=0
skipped	none	minor	100	3	component	Sources/EChartsKit/component/visualMap/visualMapHelper.swift	upstream/echarts/src/component/visualMap/helper.ts	1	0			deferred=0
