layer	action	symbol_id	swift_name	owning_file	container	signature	upstream_ts	n_consumers	consumers	notes
L0	create	ZRenderKit/Path.extensibility	setStyle	Sources/ZRenderKit/Graphic/Path.swift	extension Path	@discardableResult public func setStyle(_ obj: PathStyleProps) -> Self  // merges obj into self.pathStyle via extendPathStyle, then _syncCommonStyle() + dirtyStyle(); returns self	upstream/zrender/src/graphic/Path.ts (Path.extend @624; setStyle inherited from Displayable.ts:400, consumed by tool/path.ts:495 clonePath)	1	Sources/ZRenderKit/Tool/ToolPath.swift	Bundled symbol resolves to ONLY the Path-level setStyle(PathStyleProps) merge overload. Path.extend (runtime-subclass synthesizer) is PERMANENTLY NOT PORTABLE — Swift has no runtime class synthesis; upstream @DEPRECATED; Path.swift:1106-1110 and graphic.swift:507-508 document the non-port. Do NOT create Path.extend; extendShape deferral stands. CREATE the setStyle overload alongside useStyle/createStyle: `var s = self.pathStyle!; extendPathStyle(&s, obj); self.pathStyle = s; self._syncCommonStyle(); self.dirtyStyle(); return self`. Deps exist → L0. Overload by param type (Displayable.swift:469 has CommonStyleProps overload); no setStyle in Path.swift today → exists=false. Consumer fix: ToolPath.swift:621 clonePath switch useStyle(REPLACE) → setStyle(MERGE).
L0	create	ZRenderKit/Text.__marginType+labelMargin	__marginType	Sources/ZRenderKit/Graphic/Text.swift	type	public var __marginType: Int?  // stored property added inside `struct TextStyleProps` body; holds the rawValue of EChartsKit's `labelStyle.LabelMarginType` (1=minMargin, 2=textMargin)	echarts/src/label/labelStyle.ts:825-830 (interface LabelExtendedTextStyle extends TextStyleProps; field `__marginType?: LabelMarginType`), stamped at labelStyle.ts:472,478; read at labelLayoutHelper.ts:178	2	Sources/EChartsKit/label/labelStyle.swift; Sources/EChartsKit/label/labelLayoutHelper.swift	GUESSED UPSTREAM WRONG: not zrender/Text.ts. Real = echarts/src/label/labelStyle.ts LabelExtendedTextStyle. margin ALREADY exists (Text.swift:220) → ONLY __marginType missing (+labelMargin already satisfied). FIX = add ONE stored prop `public var __marginType: Int?` inside struct TextStyleProps body (after margin/padding). Extension can't add stored props → in-place struct edit; container=type. exists=false (field new). MODULE-LAYERING: TextStyleProps in ZRenderKit; enum labelStyle.LabelMarginType in EChartsKit (labelStyle.swift:931, Int raw minMargin=1/textMargin=2). EChartsKit depends on ZRenderKit not vice-versa → field typed Int? (rawValue), NOT the enum; do NOT relocate enum. PORT-NOTE the rationale on the field. Consumer wiring: labelStyle setTextStyleCommon (~528/537 deferred) writes .minMargin/.textMargin.rawValue; labelLayoutHelper (~178, gap :380) reads/compares rawValue for expandOrShrinkRect. Field ONLY on TextStyleProps (not Part/protocol). L0 (Int?).
L0	create	ZRenderKit/event.ZRRawEvent.modifierKeys	shiftKey, ctrlKey, altKey	Sources/ZRenderKit/Core/event.swift	type	Three stored properties added to the existing `public final class ZRRawEvent` body: ⏎     public var shiftKey: Bool = false ⏎     public var ctrlKey: Bool = false ⏎     public var altKey: Bool = false	upstream/zrender/src/core/types.ts (ZRRawEvent = MouseEvent & ZREventProperties, lines 51-68); modifier keys are the DOM MouseEvent.shiftKey/ctrlKey/altKey booleans, consumed at upstream/echarts/src/component/helper/RoamController.ts:585	1	Sources/EChartsKit/component/helper/RoamController.swift	exists=false — CORRECTED per reviewer (verified: grep event.swift finds only zrByTouch@115; none of shiftKey/ctrlKey/altKey). The class ZRRawEvent exists (@82-138) but the named properties do NOT — the swift_name refers to the missing members, so exists=false; RoamController depends on them. EXTENDS the class body (Swift forbids stored props in extensions). Add as stored Bool (default false, non-Optional; mirror zrByTouch/cancelBubble) near other DOM/ZREventProperties fields. metaKey exists on DOM but unused by RoamController → omit (add // PORT-TODO if future consumer needs it). L0 (Bool only). Native UIKit bridge must populate per gesture. Downstream fix (separate task): RoamController.swift:667-681 isBehaviorSettingAvailable maps string 'shift'/'ctrl'/'alt' → e.event.*Key, replacing deferred stub @673-677.
L0	create	ZRenderKit/util.setAsPrimitive	setAsPrimitive	Sources/ZRenderKit/Core/util.swift	enum util	public static func setAsPrimitive(_ obj: AnyObject) — Void; companion `public static func isPrimitive(_ obj: Any) -> Bool`. Upstream tags obj[__ec_primitive__]=true so clone/merge skip traversing children.	upstream/zrender/src/core/util.ts:679-689 (const primitiveKey = '__ec_primitive__'; export function setAsPrimitive; companion export function isPrimitive)	2	Sources/EChartsKit/model/OptionManager.swift; Sources/EChartsKit/data/helper/sourceManager.swift	NOT DEFINED — only PORT-NOTEs (util.swift:486; OptionManager:115/127; sourceManager:495-505). CREATE in enum util at util.swift:486 keeping upstream order. Name verbatim + paired isPrimitive. MODEL MISMATCH: upstream mutates hidden string key; Swift value types can't carry hidden tag → keep identity side-set of ObjectIdentifier for reference bags → `obj: AnyObject`, isPrimitive(_ obj: Any)->Bool consulted in clone (util.swift:70-95 both branches) + merge (104-130, !isPrimitive guard 116-118) to early-return un-cloned. Primary consumers tag TYPED ARRAYS already non-cloned (clone falls to return source @90-94) — wiring mainly removes PORT-NOTE. Load-bearing: sourceManager:495-505 setAsPrimitive(option.transform) plain bag clone/merge WOULD walk. L0 (stdlib + existing clone/merge). When done delete 4 PORT-NOTE blocks + un-inert _=data/_=source (OptionManager 110-130).
L0	create	animation/basicTransition.removeElement+delayParams	removeElement	Sources/EChartsKit/animation/basicTransition.swift	enum basicTransition	func removeElement(_ el: Element, _ props: [String: Any], _ model: Model? = nil, _ dataIndex: Int? = nil, _ cb: (() -> Void)? = nil, _ during: ((Double) -> Void)? = nil)  // plus object-form overload carrying removeOpt: func removeElement(_ el: Element, _ props: [String: Any], _ model: Model?, _ opt: AnimateOrSetPropsOption)	upstream/echarts/src/animation/basicTransition.ts	3	Sources/EChartsKit/chart/bar/PictorialBarView.swift; Sources/EChartsKit/chart/helper/SymbolElement.swift; Sources/EChartsKit/animation/basicTransition.swift	exists=false — CORRECTED per reviewer: the file exists but the removeElement PROVIDER does not (grep: only removeElementWithFadeOut@202 + private fadeOutDisplayable@189; no `func removeElement`). exists tracks provider readiness, not file presence — consistent now with sibling customGraphicTransition (new free func in partly-ported file). Downstream consumers must NOT assume removeElement is callable yet. ⏎  ⏎ FILE ports most of the module (getAnimationConfig, private animateOrSetProps, initProps x2, updateProps, private isElementRemoved/fadeOutDisplayable, removeElementWithFadeOut, saveOldStyle/getOldStyle). Missing = public upstream export removeElement (ts:272), currently INLINED (fadeOutDisplayable calls animateOrSetProps directly). Fix EXTENDS file: (1) extract top-level removeElement that guards `if isElementRemoved(el){return}` then animateOrSetProps(.leave,...) (upstream 272-296); (2) object-form overload taking AnimateOrSetPropsOption (feeds leave-path extraOpts via removeOpt); (3) refactor fadeOutDisplayable to route through removeElement. Add as TOP-LEVEL free func (NOT enum-wrapped) to match siblings. Consumers: SymbolElement.fadeOut wants scaleX/scaleY->0 + fadeLabel leave; PictorialBarView.pbRemoveBar wants per-symbol scale->0 — both currently deferred to removeElementWithFadeOut opacity-only. ⏎  ⏎ DELAYPARAMS (2nd half) SEPARATE/dormant: getAnimationConfig threads extraDelayParams but it's always nil (animateOrSetProps passes nil; Model has no getAnimationDelayParams). Resolving = consumer-side wiring (see Model.getAnimationDelayParams row), NOT a new provider here. Supporting types (AnimationDelayCallbackParam/Callback, AnimationOption, AnimateOrSetPropsOption) exist. L0.
L0	create	animation/customGraphicTransition	applyUpdateTransition	Sources/EChartsKit/animation/customGraphicTransition.swift	enum customGraphicTransition	"// Module bundles these exported free funcs (top-level, NOT enum-wrapped — see notes): ⏎ public func applyUpdateTransition(_ el: Element, _ elOption: [String: Any], _ animatableModel: Model?, _ opts: ApplyUpdateTransitionOpts? = nil) ⏎ public func updateLeaveTo(_ el: Element, _ elOption: [String: Any]) ⏎ public func applyLeaveTransition(_ el: Element, _ elOption: [String: Any], _ animatableModel: Model, _ onRemove: (() -> Void)? = nil) ⏎ public func isTransitionAll(_ transition: Any?) -> Bool ⏎ public let ELEMENT_ANIMATABLE_PROPS: [String] = ["""", ""style"", ""shape"", ""extra""] ⏎ // opts bag:  struct ApplyUpdateTransitionOpts { var dataIndex: Int?; var isInit: Bool?; var clearStyle: Bool? }"	upstream/echarts/src/animation/customGraphicTransition.ts	2	Sources/EChartsKit/chart/custom/CustomView.swift; Sources/EChartsKit/component/graphic/GraphicView.swift	MUST BE CREATED — no customGraphicTransition.swift exists; module DEFERRED. Both consumers ship applyUpdateTransitionStatic substitutes (CustomView:587; GraphicView:606). Canonical names verbatim: applyUpdateTransition, applyLeaveTransition, updateLeaveTo, isTransitionAll, ELEMENT_ANIMATABLE_PROPS. Define as bare top-level public funcs (siblings basicTransition.swift/customGraphicKeyframeAnimation.swift are file-scope), do NOT namespace. ⏎  ⏎ ELEMENT_ANIMATABLE_PROPS COLLISION — ENFORCED (reviewer-confirmed duplicate-owner risk): the constant currently exists as a live provider at customGraphicKeyframeAnimation.swift:36 (non-public top-level `let`, consumed at :145). This row is the SINGLE OWNER. The fix MUST, in the same change: (1) declare `public let ELEMENT_ANIMATABLE_PROPS` here, (2) DELETE the customGraphicKeyframeAnimation.swift:36 declaration, (3) verify the keyframe file's :145 usage still resolves (same module, now via this public def), (4) widening to public is deliberate. Two top-level defs of the same name in one module = compile clash, so the MOVE+DELETE is not optional prose — it is part of landing this row. ⏎  ⏎ Deps all exist → L0: getAnimationConfig (basicTransition:28), model.makeInner (modelUtil:1148), model.normalizeToArray (modelUtil:473), cloneValue (Animator:235), Element.animateFrom/animateTo (1546/1553), attr/dirty/markRedraw, TRANSFORMABLE_PROPS (Transformable:425), Model.isAnimationEnabled (Model:242). elOption → [String:Any]; GraphicView hands its .option dict or a thin overload; animatableModel optional (upstream force-derefs). ~15 private helpers to port line-for-line (prepareTransformAllPropsFinal, prepareShapeOrExtraAllPropsFinal, prepareTransform/ShapeOrExtraTransitionFrom, prepareStyleTransitionFrom, applyPropsDirectly, applyPropsTransition, applyMiscProps, getElementAnimationConfig, duringCall, isNonStyleTransitionEnabled, transitionDuringAPI, LEGACY_TRANSFORM_PROPS_MAP); during/TransitionDuringAPI + __DEV__ guards port-or-PORT-TODO. compound-path branch reads (el as Path).shape.paths.
L0	create	chart/helper/LargeLineDraw	LargeLineDraw	Sources/EChartsKit/chart/helper/LargeLineDraw.swift	type	public final class LargeLineDraw { public let group = Group(); private var _newAdded: [LargeLinesPath] = []; public init(); public func updateData(_ data: SeriesData); public func incrementalPrepareUpdate(_ data: SeriesData); public func incrementalUpdate(_ taskParams: StageHandlerProgressParams, _ data: SeriesData, _ incrementalId: Int); public func remove(); public func eachRendered(_ cb: (Element) -> Bool?); private func _create() -> LargeLinesPath; private func _setCommon(_ lineEl: LargeLinesPath, _ data: SeriesData, _ isIncremental: Bool = false); private func _clear() } — plus companion new type in same file: public final class LargeLinesPath: Path (shape LargeLinesPathShape{polyline:Bool; curveness:Double; segs:[Double]}; __startIndex:Int; hoverDataIdx:Int = -1; notClear:Bool; reset(); beforeBrush; getDefaultStyle/getDefaultShape; buildPath; findDataIndex(_ x:Double,_ y:Double)->Int; contain; getBoundingRect)	upstream/echarts/src/chart/helper/LargeLineDraw.ts	1	Sources/EChartsKit/chart/lines/LinesView.swift	Upstream default export class LargeLineDraw implements ILineDraw. baseDraw/ILineDraw NOT ported (LineDraw precedent) → port as plain public final class, no protocol conformance. Must CREATE (only PORT-NOTE deferrals in LinesView:36/80/102). Mirror sibling LargeSymbolDraw.swift; two types in one file: (1) LargeLinesPath (Path subclass, upstream 59-230) with LargeLinesPathShape (polyline:Bool=false, curveness:Double=0, segs:[Double]=[] — packed linesPoints layout); (2) LargeLineDraw (232-353). Deps ALL ported → L0: Group, Path/PathProxy seam (buildPath via PathRebuilder §9), SeriesData (getLayout('linesPoints'), getModel('lineStyle').getLineStyle()), innerStore.getECData, contain line.containStroke/quadratic.containStroke, BoundingRect, tokens.color.neutral99. Traps: Float32Array concat → [Double] append §1; incrementalId Int?; ecData.dataIndex Double; mousemove closure [weak] §8; progressive _off/notClear ported but INERT (single-pass); getDefaultStyle fill:null → clear pathStyle.fill directly. Wiring LargeLineDraw into LinesView is separate follow-up. Keep upstream `// TODO Batch by color`.
L0	create	chart/treemap/treemapAction	installTreemapAction	Sources/EChartsKit/chart/treemap/treemapAction.swift	"top-level free function (file treemapAction.swift) — mirrors installTreeAction / installSankeyAction. NOT wrapped in an enum: the repo's install-action modules (treeAction.swift, sankeyAction.swift) all define a bare top-level `public func install<Chart>Action`, overriding CONVENTIONS §2's generic ""enum <ModuleName>"" rule for this file family."	public func installTreemapAction(_ registers: EChartsExtensionInstallRegisters)  // returns Void	upstream/echarts/src/chart/treemap/treemapAction.ts	3	Sources/EChartsKit/core/ECharts.swift; Sources/EChartsKit/chart/treemap/TreemapView.swift; Sources/EChartsKit/chart/treemap/Breadcrumb.swift	MUST BE CREATED (file absent). Upstream export installTreemapAction(registers). Body faithful: (1) loop actionTypes [treemapZoomToNode,treemapRender,treemapMove] register noop + update:'updateView'; (2) 4th action treemapRootToNode (update:'updateView') real handler: per matched series treeHelper.retrieveTargetInfo(payload,[treemapZoomToNode,treemapRootToNode],model); if targetInfo read model.getViewRoot() (TreeNode?; guard-let), payload.direction = treeHelper.aboveViewRoot(originViewRoot,targetInfo.node) ? rollUp : drillDown (payload.other[direction]), model.resetViewRoot(targetInfo.node). Register via module registerAction (core/action.swift). Series query via ecModel.eachSeriesByType(treemap) honoring payload seriesId/index. L0 — deps exist: core/action.swift, treeHelper.retrieveTargetInfo/aboveViewRoot (43/97), TreemapSeriesModel.getViewRoot/resetViewRoot (292/303), Global.eachSeriesByType (936). Wiring (separate): add installTreemapAction(ECharts._registers) to treemap install block (~749-753). treemapMove/treemapRender roam handled by view-group RoamController; noop registrations just make them dispatchable.
L0	create	component/marker/MarkerModel.DataModelConformance	getDataParams	Sources/EChartsKit/component/marker/MarkerModel.swift	extension MarkerModel	extension MarkerModel: DataModel { func getDataParams(_ dataIndex: Double, _ dataType: SeriesDataType? = nil, _ el: Element? = nil) -> CallbackDataParams { return self.getDataParams(dataIndex, dataType) } }	upstream/echarts/src/component/marker/MarkerModel.ts	3	Sources/EChartsKit/component/marker/MarkAreaView.swift; Sources/EChartsKit/component/marker/MarkPointView.swift; Sources/EChartsKit/component/marker/MarkLineView.swift	Upstream MarkerModel gains DataFormatMixin via mixin+interface-merge; port artifact needed to fit Swift ECData.dataModel: DataModel? (innerStore.swift:41), assigned by all three marker views. MarkerModel.swift already conforms DataHost+DataFormatMixin + 2-arg getDataParams (158, 327-344). ONLY missing = DataModel's 3-arg getDataParams(_:_:_:) (types.swift:305; el: is port artifact for CustomSeries). Add witness delegating to 2-arg. Declare on BASE MarkerModel (covers MarkPoint/Area/LineModel). exists=false. CRITICAL: subclass-specific extension MarkLineModel: DataModel (MarkLineView:597-605) becomes redundant-conformance error → MUST delete (591-605); MarkLineView live assignments (482,486) resolve via inherited base. Consumer wiring after: MarkPointView:232-236, MarkAreaView:519-526. Also ECharts:2900. L0 (deps exist; same-module ⇒ no @retroactive). Default =nil keeps 2-arg/3-arg callable.
L0	create	coord/View.roamTransformPipeline	applyViewCoordSysTransToElement	Sources/EChartsKit/coord/View.swift	top-level	public func applyViewCoordSysTransToElement(_ syncBackEl: Element?, _ syncBackType: Int, _ viewCoordSys: View, _ animatableModel: Model?)	echarts/src/coord/View.ts	6	Sources/EChartsKit/chart/graph/GraphView.swift; Sources/EChartsKit/chart/tree/TreeView.swift; Sources/EChartsKit/chart/sankey/SankeyView.swift; Sources/EChartsKit/chart/map/MapView.swift; Sources/EChartsKit/component/geo/GeoView.swift; Sources/EChartsKit/component/helper/MapDraw.swift	CONSUMER-LIST CORRECTED: added component/helper/MapDraw.swift — MapDraw is the actual direct caller (upstream MapDraw.ts:202 draw() + :241 __updateOnOwnRoam); MapView/GeoView delegate to MapDraw. This reciprocates the MapDraw row's L1 dependency and enforces provider-first ordering (build this before MapDraw). ⏎  ⏎ CANONICAL = applyViewCoordSysTransToElement (View.ts:608). Other names in upstream_symbol are separate: calcCompensationScaleToPreserveNodeSize ALREADY ported (View.swift:738); injectCoordSysByOption ALREADY ported (CoordinateSystemManager:333); createViewCoordSysSimply lives in roamHelper.ts (separate). ADD as top-level public func (View.swift realizes module free funcs top-level; do NOT enum-wrap). exists=false: only PORT-NOTE stub @View.swift:747-751 (verified: grep finds zero real defs in Sources/). Fix ALSO EXTENDS open class View: add stored props var syncBackEl: Element?, var syncBackType: Int (deferred @141-143). Body (608-631): set viewCoordSys.syncBackEl/syncBackType; if animatableModel==nil { viewCoordSysCopyTrans(syncBackEl,...); syncBackEl?.dirty() } else { updateProps(syncBackEl, marshalled [x/y/scaleX/scaleY] dict, animatableModel) }. L0 — deps exist: viewCoordSysCopyTrans (View:302), Element.dirty (:1403), updateProps (basicTransition:171). Marshal Transformable x/y/scaleX/scaleY into dict for updateProps [String:Any]. Mirror force-deref with syncBackEl?.dirty().
L0	create	core/ECharts.loadingEffectsRegistry	registerLoading	Sources/EChartsKit/core/ECharts.swift	extension ECharts	public static func registerLoading(_ name: String, _ loadingFx: @escaping LoadingEffectCreator) { ECharts.loadingEffects[name] = loadingFx }  // backed by: private static var loadingEffects: [String: LoadingEffectCreator] = [:]	upstream/echarts/src/core/echarts.ts (loadingEffects const L2907; registerLoading L3290-3295; consumed by showLoading/hideLoading L1518-1560)	1	Sources/EChartsKit/core/ECharts.swift	TWO co-located static members on existing ECharts class (mirror registerTheme/_themeStorage @447-451): private static var loadingEffects map + public static func registerLoading. Name verbatim; backing map loadingEffects verbatim. LoadingEffect/LoadingEffectCreator ALREADY exist (types.swift:720-724) → L0. ONLY the registry; three siblings out of scope: (1) defaultLoading creator (loading/default.ts, needs graphic.Arc.animateShape) registered in installOnce; (2) showLoading/hideLoading instance methods reading map + _loadingFX; (3) _loadingFX field. Register built-in default in installOnce() alongside registerTheme(dark,...).
L0	create	core/Scheduler.currentTask+pipelineHooks	__preparePipelineContext	Sources/EChartsKit/model/Series.swift	class SeriesModel	open func __preparePipelineContext(_ view: ChartView, _ pipeline: PipelinePick) -> PipelineContext; // bundled sibling slot: open func preventIncremental() -> Bool	upstream/echarts/src/model/Series.ts:84-89 (interface SeriesModel: preventIncremental / __preparePipelineContext); consumed by upstream/echarts/src/core/Scheduler.ts:228-232,249	4	Sources/EChartsKit/core/Scheduler.swift; Sources/EChartsKit/chart/bar/BarSeries.swift; Sources/EChartsKit/chart/lines/LinesSeries.swift; Sources/EChartsKit/chart/heatmap/HeatmapSeries.swift	Resolves two base-SeriesModel optional hook slots (Series.ts:84-89) Scheduler null-checks. ABSENT on Swift base (only doc comment Series.swift:78-91). Subclasses define as plain open func (BarSeries:156, LinesSeries:482, HeatmapSeries:116) → SHADOW not override; Scheduler (base ref) never dispatches. Two POTENTIAL-BUG markers: Scheduler:305-310, :340-345. CREATE on base: __preparePipelineContext { return model.preparePipelineContext(self,view,pipeline) }; preventIncremental { return false }. MUST be open func in CLASS BODY (extension = static dispatch, no override). Flip three subclass decls to override func. Update Scheduler call sites: :311 unconditional __preparePipelineContext, :346 gate progressiveEnabled on !preventIncremental(). Out of scope (exist): Pipeline.currentTask (Scheduler:74), getCurrentTask (Series:1102 deferred C2), pipelineContext (Series:147). Dormant until progressive enabled (native reports type native). L0 (ChartView, PipelinePick, PipelineContext, model.preparePipelineContext exist).
L0	create	label/labelStyle.getFormattedLabel.fetcherSeam	LabelFetcher	Sources/EChartsKit/label/labelStyle.swift	protocol	public protocol LabelFetcher { func getFormattedLabel(_ labelDataIndex: Double, _ status: DisplayState?, _ dataType: SeriesDataType?, _ labelDimIndex: Double?, _ formatter: Any?, _ extendParams: GetFormattedLabelExtendParams?) -> String? }	upstream/echarts/src/label/labelStyle.ts	1	Sources/EChartsKit/chart/sankey/SankeyView.swift	Models upstream anonymous labelFetcher object-literal type (labelStyle.ts:91-105) as named Swift protocol so a closure-backed fetcher can be injected. No verbatim upstream identifier; named LabelFetcher after the field. WHY: labelStyle.swift types SetLabelStyleOpt.labelFetcher as DataFormatMixin? (117-121) + getLabelText hardcodes dataType:nil (249,274); Sankey passes seriesModel so node/edge labels get dataType==nil where upstream forces 'edge'/'node'+retrieve3. Inert for default label; formatter-configured node/edge resolves wrong dataType. FIX (owning_file): (1) declare protocol; (2) change field+init to LabelFetcher?; (3) extension DataFormatMixin: LabelFetcher {} (existing method param types match EXACTLY — witnesses without shim); (4) closure-backed conformer for Sankey/chord/map. WITNESS-TRAP CAUTION: requirement param list byte-identical to DataFormatMixin.getFormattedLabel — do not narrow any param. Deps exist → L0.  ⏎ AMENDED (wave-2): a second owned file is Sources/EChartsKit/model/mixin/dataFormat.swift — `extension DataFormatMixin: LabelFetcher {}` is not expressible in Swift, so the conformance is declared there. Consumer lane still owns: forced-dataType wiring at SankeyView 390/496 + ChordPiece 218, and widening the `as? DataFormatMixin` downcasts at MapDraw:870 / ECLine:361 / RadarView:422 to `as? LabelFetcher`.
L0	create	legacy/dataSelectAction+selectChanged	createLegacyDataSelectAction	Sources/EChartsKit/legacy/dataSelectAction.swift	enum dataSelectAction	static func createLegacyDataSelectAction(_ seriesType: String, _ ecRegisterAction: (String, @escaping ActionHandler) -> Void)	upstream/echarts/src/legacy/dataSelectAction.ts	2	Sources/EChartsKit/chart/map/mapInstall.swift; Sources/EChartsKit/core/ECharts.swift	NEW FILE — no legacy/ dir yet; refs are deferred PORT-NOTEs (mapInstall:33-71; ECharts:2861). Guessed owning_file core/actionRegister.swift WRONG per §0/§2 → own legacy/dataSelectAction.swift as caseless enum dataSelectAction. SCOPE: primary export createLegacyDataSelectAction + siblings handleLegacySelectEvents(messageCenter,ecIns,api) (ECharts:2861) + private handleSeriesLegacySelectEvents. CONFLATION FIX: makeSelectChangedEvent/getAllSelectedIndices are in core/echarts.ts (separate deferred symbol, actionRegister.swift:39-53) — do NOT port here. ecRegisterAction typed (String,@escaping ActionHandler)->Void (only (type,handler) arm used). ActionHandler=(Payload,GlobalModel,ExtensionAPI)->ECEventData? (types.swift:624). Body: getSeriesIndices→ecModel.eachComponent (Global:830), each over [toggleSelect/select/unselect], api.dispatchAction (:164) with extended payload. __DEV__ deprecate logs → debug flag or drop. handleSeriesLegacySelectEvents uses ecIns.isSilent/trigger, queryDataIndex, data.getName. Deps EXIST → L0. SelectChangedEvent (types.swift:370/381) + registerAction overloads (action.swift:100) exist.
L0	create	model/Model.getAnimationDelayParams	getAnimationDelayParams	Sources/EChartsKit/model/Model.swift	extension Model	var getAnimationDelayParams: ((Element, Int) -> AnimationDelayCallbackParam)?	upstream/echarts/src/chart/bar/PictorialBarView.ts	2	Sources/EChartsKit/animation/basicTransition.swift; Sources/EChartsKit/chart/bar/PictorialBarView.swift	Upstream is per-instance method monkeypatched onto item Model in PictorialBarView.ts:753 (via getItemModel:748), consumed structurally in basicTransition.ts:132/165-166 as `animatableModel.getAnimationDelayParams?(el, dataIndex)`. Body returns {index: path.__pictorialAnimationIndex, count: path.__pictorialRepeatTimes}. Port as OPTIONAL STORED CLOSURE var inside `open class Model` body (extension can't hold stored props despite container tag). Element + AnimationDelayCallbackParam (util/types:1261) exist → L0. exists=false (only comment refs today: PictorialBarView:69/844, basicTransition:8/26). Wiring the fix: (1) basicTransition animateOrSetProps hardcodes nil 5th arg to getAnimationConfig@101 → `model?.getAnimationDelayParams?(el, dataIndex ?? 0)`; (2) PictorialBarView sets closure on per-item Model reading __pictorialAnimationIndex/__pictorialRepeatTimes. AnimationDelayCallbackParam init order (count, index).
L0	create	util/styleCompat	styleCompat	Sources/EChartsKit/util/styleCompat.swift	enum styleCompat	public enum styleCompat {\n  public struct LegacyStyleProps { public var legacy: Bool? }\n  public static func isEC4CompatibleStyle(_ style: ZRStyleProps, _ elType: String, _ hasOwnTextContentOption: Bool, _ hasOwnTextConfig: Bool) -> Bool\n  public static func convertFromEC4CompatibleStyle(_ hostStyle: ZRStyleProps, _ elType: String, _ isNormal: Bool) -> (textContent: TextProps?, textConfig: ElementTextConfig?)\n  public static func convertToEC4StyleForCustomSerise(_ itemStl: ItemStyleProps, _ txStl: TextStyleProps, _ txCfg: ElementTextConfig) -> ZRStyleProps\n  public static func warnDeprecated(_ deprecated: String, _ insteadApproach: String)\n}\n// file-private helpers: convertEC4CompatibleRichItem(out:richItem:), convertToEC4RichItem(out:richItem:)	upstream/echarts/src/util/styleCompat.ts	2	Sources/EChartsKit/chart/custom/CustomView.swift; Sources/EChartsKit/component/graphic/GraphicView.swift	Free-function module → caseless enum styleCompat (CONVENTIONS §2); names verbatim. NOT ported — only deferred PORT-NOTEs in the two consumers (GraphicView:41-42,168-174; CustomView:51,86,1031-1047). Must CREATE. L0: deps all existing (ZRStyleProps, TextProps, TextStyleProps, ElementTextConfig, ItemStyleProps, tokens color.neutral99/neutral00, util each/hasOwn). convertFromEC4CompatibleStyle returns Optionals (elType=='text' leaves both unset). hasOwn(style,'text') → dict membership. isNormal 'inside' branch redundant second textPosition — copy faithfully. Deprecated EC4 back-compat, inert for EC5 — gate consumers on isEC4CompatibleStyle, keep deferred structure. warnDeprecated __DEV__-only → #if DEBUG; deprecatedLogs dedup dict file-private mutable state.
L0	create	util/types.CallbackDataParams.treeFields	treePathInfo / treeAncestors / collapsed	Sources/EChartsKit/util/types.swift	type CallbackDataParams	public var treePathInfo: [treeHelper.TreePathInfoItem]? = nil  // sunburst (+ treemap deprecated alias); public var treeAncestors: [treeHelper.TreePathInfoItem]? = nil  // tree, treemap; public var collapsed: Bool? = nil  // tree	upstream/echarts/src/util/types.ts:957 (base interface); tree fields defined in chart/sunburst/SunburstSeries.ts:62, chart/tree/TreeSeries.ts:127, chart/treemap/TreemapSeries.ts:81	3	Sources/EChartsKit/chart/sunburst/SunburstSeries.swift; Sources/EChartsKit/chart/tree/TreeSeries.swift; Sources/EChartsKit/chart/treemap/TreemapSeries.swift	exists=false — CORRECTED per reviewer (verified: grep types.swift finds zero treePathInfo/treeAncestors/collapsed). The container struct CallbackDataParams exists (@1101) but the swift_name MEMBERS are absent; swift_name refers to the missing members, so exists=false — now consistent with sibling new-member-on-existing-type rows (Text.__marginType, Model.getAnimationDelayParams). Consumers must NOT be wired before these land. ⏎  ⏎ Upstream adds these via three per-chart sub-interfaces (Swift structs can't inherit) → flatten as OPTIONAL stored props onto the single existing struct. TreeAncestors/TreePathInfo structurally identical ({name,dataIndex,value}) = wrapTreePathInfo's return [treeHelper.TreePathInfoItem] → type both as that. MUST include `= nil` defaults (struct built via memberwise init in DataFormatMixin.getDataParams). EXTEND the struct decl in place (extension can't add stored props). L0 (treeHelper.TreePathInfoItem + stdlib). Consumers assign after super.getDataParams: sunburst treePathInfo=wrapTreePathInfo(node,self); tree treeAncestors=wrapTreePathInfo(...)+collapsed = !node.isExpand; treemap treeAncestors=wrapTreePathInfo(...) then treePathInfo=treeAncestors.
L0	create	view/ComponentView.baseSeams	focusBlurEnabled	Sources/EChartsKit/view/ComponentView.swift	extension ComponentView	open var focusBlurEnabled: Bool = false  // base default (models upstream optional `focusBlurEnabled?: boolean` absent == falsy); GeoView overrides to true	upstream/echarts/src/view/Component.ts	4	Sources/EChartsKit/util/states.swift; Sources/EChartsKit/component/geo/GeoView.swift; Sources/EChartsKit/component/timeline/SliderTimelineView.swift; Sources/EChartsKit/component/marker/MarkAreaView.swift	exists=false — CORRECTED per reviewer (verified: base ComponentView has only a deferred comment @177-180; GeoView.swift:94 `public var focusBlurEnabled = true` is a LOCAL var, NOT an override of a base member). swift_name focusBlurEnabled names the base seam, which is genuinely missing — exists=false; the states.ts gate is dropped. Container class ComponentView exists; the named seam is to-be-created. ⏎  ⏎ Upstream Component.ts:61 focusBlurEnabled?:boolean. Add `open var focusBlurEnabled: Bool = false` to the CLASS BODY (extension member can't be open/overridden; GeoView overrides), replacing the deferred PORT-NOTE @177-182. Base default false models upstream optional-absent falsy (states.ts:536 `if(!view||!view.focusBlurEnabled)`). Follow-on (same L0): (1) GeoView:94 → `public override var focusBlurEnabled = true`; (2) states.swift blurComponent (~604, POTENTIAL-BUG 598-603): restore gate `guard view.focusBlurEnabled else { return }`. NOT new base members: updateTransform base EXISTS (:145) — real defect is MarkAreaView:332 narrower 3-param not witnessing 4-param hook (fix in MarkAreaView, widen to 4-param override; out of scope). remove(): ComponentView has NO remove() upstream (only ChartView) — do NOT add; disposal is zr.remove(view.group).
L0	wire/extend	ZRenderKit/Element.hoverLayer+extensibilitySeams	shouldUseHoverLayer	Sources/ZRenderKit/Element.swift	type	func shouldUseHoverLayer(_ el: Element, _ textContent: Element?, _ nextState: ElementState?, _ forceUseHoverLayer: Bool?) -> InHoverLayerKind	upstream/zrender/src/Element.ts	5	Sources/ZRenderKit/Element.swift; Sources/ZRenderKit/ZRender.swift; Sources/ZRenderKit/Handler.swift; Sources/EChartsKit/chart/helper/ECLine.swift; Sources/EChartsKit/chart/line/LineView.swift	CLUSTER — every seam EXISTS in Element.swift; deliverable is un-stubbing/wiring, not creating. Anchor = file-scope helper shouldUseHoverLayer (upstream Element.ts:2136 → Element.swift:2070, file-level func, NOT enum, NOT exported). Inventory: 1. shouldUseHoverLayer (:2070) DORMANT STUB (hardcodes IN_HOVER_LAYER_KIND_NO). To activate: restore upstream body branching on (nextState.hoverLayer||forceUseHoverLayer)/isTextRelatedEl(el)/isTextRelatedEl(textContent) + ADD isTextRelatedEl sibling helper (Element.ts:2159, NOT yet ported). 2. ElementCommonState.hoverLayer/Element.hoverLayer EXISTS (:193, Any?). 3. InHoverLayerKind typealias+KIND_NO(0)+ONLY_STYLE_CHANGE(1) EXIST (264-268). 4. Element.__inHover EXISTS (:359), read in canTransition (:2065), always 0 because #1 stubbed. 5. Element.beforeUpdate() EXISTS (:464) but public NOT open; ECLine:35 works around; per-frame reposition needs open. 6. on*-handler-prop dispatch: ElementEventHandlerProps PORT-NOTE-only (158-160); runtime via on(event,handler,context) (:1597/1604) EXISTS. 7. ECElement.disableLabelAnimation is ECHARTS symbol (types.swift:280), NOT on concrete Element; LineView writes DEFERRED (1248-1278); owning file types.swift, separate consumer wiring task. L0 (seams depend only on existing Element/ElementState/Path). refreshHover in ZRender.swift (301/372) present+dormant, gated by #1.
L0	wire/extend	ZRenderKit/Pattern.image.union	image	Sources/ZRenderKit/Graphic/Pattern.swift	type	public var image: ImageSource   // was: public var image: String; upstream `image: ImageLike | string`. Constructor param retypes too: public init(_ image: ImageSource, _ repeat: ImagePatternRepeat)	upstream/zrender/src/graphic/Pattern.ts	9	Sources/NativePainter/CGRenderer.swift; Sources/EChartsKit/chart/bar/BarView.swift; Sources/EChartsKit/util/decal.swift; Sources/ZRenderKit/Tool/parseSVG.swift; Sources/ZRenderKit/Core/util.swift; Sources/EChartsKit/component/axis/RadiusAxisView.swift; Sources/EChartsKit/component/radar/RadarComponentView.swift; Sources/DemoGallery/Demos/pattern.swift; Sources/DemoGallery/Demos/pattern-transform.swift	Upstream class Pattern { image: ImageLike | string } (Pattern.ts:53), unconditional in ctor → retype non-optional ImageSource (NOT ImageSource?). exists=true: Pattern class + image prop exist (currently String @71, ctor param @88) — EXTENDS/modifies in place; stored prop retyped in class body (not extension), container=type. L0: ImageSource EXISTS (Image.swift:54, enum {url(String); image(ImageLike)}; ImageLike==Any). Same idiom as Image.imageStyle.image, Text backgroundColor. Ripple: CGRenderer:279-280 resolvePatternImage switch on ImageSource (.url→loadCGImage; .image→cached CGImage); BarView:1281,1293 wrap .url(...) (ip.image still String arm, retype ImagePatternObject separately); decal:129,161 .url(...); parseSVG:715 .url(dataURI); util:402 reads ImagePatternObject.image; RadiusAxisView:501/RadarComponentView:356/DemoGallery → .url(...). Delete PORT-NOTE (Pattern.swift 5-8,31,70). Sibling ImagePatternObject.image:String (:32) + InnerImagePatternObject.__image are separate symbols.
L0	wire/extend	ZRenderKit/Sector.animationSet.cornerRadius	cornerRadius	Sources/ZRenderKit/Graphic/Shape/Sector.swift	type	"// in struct SectorShape (var cornerRadius: CornerRadius = .number(0)) — extend the two keyed accessors: ⏎ public func animationGet(_ key: String) -> Any? {  // add: case ""cornerRadius"": return cornerRadius ⏎ public mutating func animationSet(_ key: String, _ value: Any?) {  // add: case ""cornerRadius"": if let cr = value as? CornerRadius { cornerRadius = cr }"	upstream/zrender/src/graphic/shape/Sector.ts	1	Sources/EChartsKit/chart/sunburst/SunburstPiece.swift	"Root cause: SectorShape.animationSet `guard let v = value as? Double else { return }` drops ""cornerRadius"" (value is CornerRadius enum), animationGet has no case → state-apply corner-radius augmentation is no-op. Both accessors in struct body (carry PORT-NOTE to remove). Fix EXTENDS: animationGet returns cornerRadius; animationSet special-cases key BEFORE Double guard (guard covers only cx/cy/r0/r/startAngle/endAngle). Deps existing (CornerRadius enum roundSector.swift, SectorShape.cornerRadius) → L0. State machinery routes shape sub-bag props (Element ~886-896, Path.swift 335/355, Animator 1004). Consumer SunburstPiece:199 hand-stamps cur.cornerRadius as workaround. Not numerically tweened upstream (carried/assigned) — accessor exposes for state jump, matching numeric-only tween exclusion."
L0	wire/extend	ZRenderKit/platform.canvas+imageLoad	loadImage	Sources/ZRenderKit/Core/platform.swift	protocol PlatformAPI	func loadImage(_ src: String, _ onload: @escaping () -> Void, _ onerror: @escaping () -> Void) -> ImageLike?  // paired verbatim method: func createCanvas() -> CanvasLike?	upstream/zrender/src/core/platform.ts	5	Sources/ZRenderKit/Core/platform.swift; Sources/ZRenderKit/Graphic/Text.swift; Sources/ZRenderKit/Graphic/Image.swift; Sources/NativePainter/CALayerPainter.swift; Sources/NativePainter/CGRenderer.swift	Composite renderer-seam (upstream createCanvas+loadImage on interface Platform + imageHelper.findExistImage/isImageReady). EXISTS as CONVENTIONS-9 stub: protocol PlatformAPI declares both, DefaultPlatformAPI returns nil; setPlatformAPI/PartialPlatformAPI/MergedPlatformAPI injection ported. exists=true, fix BACKS the stub. Per §9 CoreGraphics backing NOT in ZRenderKit: add native PlatformAPI provider in NativePainter (NativePlatformAPI) whose loadImage returns real ImageLike, install via setPlatformAPI. Synchronous CG decode exists: loadCGImage (CGRenderer.swift) → L0. createCanvas native backing unnecessary (measureText separately Core-Text-backed) → may leave nil. SEPARATE unported dep: whole graphic/helper/image.ts (findExistImage, createOrUpdateImage, imageOnLoad, isImageReady + globalImageCache LRU) NOT ported — real consumer of loadImage, own follow-up symbol. This row only the platform.ts seam.
L0	wire/extend	chart/helper.createLarge.progressiveEls	barCreateLarge	Sources/EChartsKit/chart/bar/LargeBarPath.swift	top-level free func (module bar/BarView.ts → hosted in LargeBarPath.swift); NOT wrapped in an enum namespace	// EXTEND the existing non-incremental overload with the progressive/incremental one + hit-test wiring: ⏎ func barCreateLarge(_ seriesModel: BarSeriesModel, _ group: ZRenderKit.Group, _ progressiveEls: inout [Element]?, _ incremental: Bool = false) ⏎ // (keep existing) func barCreateLarge(_ seriesModel: BarSeriesModel, _ group: ZRenderKit.Group) ⏎ // plus the LargePath.on hit-test free functions (verbatim names): ⏎ let largePathUpdateDataIndex: (LargeBarPath, ZRElementEvent) -> Void   // throttle(fn, 30, false) via util/throttle ⏎ func largePathFindDataIndex(_ largePath: LargeBarPath, _ x: Double, _ y: Double) -> Int	upstream/echarts/src/chart/bar/BarView.ts	1	Sources/EChartsKit/chart/bar/BarView.swift	"UPSTREAM createLarge is module-private in BarView.ts:1137, NOT shared chart/helper (symbol_id path misnomer). Candlestick createLarge is SEPARATE (dropped CandlestickView from consumers). Only BarView consumes (in _renderLarge/_incrementalRenderLarge ~501/507). Name disambiguated to barCreateLarge (collision with candlestick createLarge in single target). Hit-test helpers keep verbatim largePathUpdateDataIndex/largePathFindDataIndex. exists=true EXTEND: LargeBarPath+LagePathShape+non-incremental overload exist (15-163). MISSING: (1) progressiveEls:inout+incremental overload (mirror candlestick stub CandlestickView:516-525): build bg+data LargeBarPath, el.incremental=incremental ? getIncrementalId : 0, group.add, progressiveEls?.append; (2) LargePath.on hit-test: el.on(mousedown/mousemove, largePathUpdateDataIndex) guarded !get(silent); largePathUpdateDataIndex=throttle({getECData(largePath).dataIndex=...},30,false); largePathFindDataIndex walks packed 3-per-bar points (upstream 1196-1230). STALE COMMENTS: BarView:1107 + LargeBarPath header say throttle ""not ported"" — it IS (util/throttle.swift); sweep. L0 (all deps exist). PRESERVE: el.pathStyle?.stroke=nil (#20465) + getECData(el).seriesIndex."
L0	wire/extend	chart/helper/LinePath.setLinePoints	setLinePoints	Sources/EChartsKit/chart/helper/ECLine.swift	extension ECLine	func setLinePoints(_ points: [[Double]])	upstream/echarts/src/chart/helper/Line.ts	2	Sources/EChartsKit/chart/graph/GraphView.swift; Sources/EChartsKit/chart/lines/LinesView.swift	MIS-ATTRIBUTED by extract: setLinePoints is on `class Line` in Line.ts:352, not LinePath.ts. ALREADY EXISTS as `public func setLinePoints` on ECLine (ECLine.swift:410; port folded Line into ECLine to avoid colliding with ZRenderKit Line SHAPE). Module-level free setLinePoints(targetShape,points) (Line.ts:133) also ported, split into private setLineShapePoints (straight, :145) + setCurveShapePoints (bezier, :154). NO new code. Consumers (GraphView:310, LinesView:28) only reference in PORT-NOTE(deferred) comments guarding static-render no-ops — wiring needs no work on this symbol. L0.
L0	wire/extend	chart/helper/treeHelper.wrapTreePathInfo	wrapTreePathInfo	Sources/EChartsKit/chart/helper/treeHelper.swift	enum treeHelper	public static func wrapTreePathInfo(_ node: TreeNode, _ seriesModel: SeriesModel) -> [treeHelper.TreePathInfoItem]  // TreePathInfoItem { name: String; dataIndex: Int; value: Any? }	upstream/echarts/src/chart/helper/treeHelper.ts	4	Sources/EChartsKit/chart/treemap/Breadcrumb.swift; Sources/EChartsKit/chart/sunburst/SunburstSeries.swift; Sources/EChartsKit/chart/tree/TreeSeries.swift; Sources/EChartsKit/chart/treemap/TreemapSeries.swift	ALREADY FULLY PORTED — not a stub. treeHelper.swift:117, static member of enum treeHelper. Faithful: walks node.parentNode to root, pushes {name,dataIndex,value:seriesModel.getRawValue(nodeDataIndex)}, reverses. Deps existing → L0 (getRawValue takes Double, passes Double(nodeDataIndex)). REAL GAP = CONSUMERS carry stale deferred PORT-NOTEs claiming not-ported + commented-out assignments: Breadcrumb:334-335, SunburstSeries:155-162, TreeSeries:250-258, TreemapSeries:231-237 (also blocked on CallbackDataParams.treeAncestors field). Fix = delete stale comments, call treeHelper.wrapTreePathInfo(node,self) in each getDataParams + add the params field.
L0	wire/extend	component/axis/AxisBuilder.sharedContextGaps	AxisBuilderSharedContextRecord	Sources/EChartsKit/component/axis/AxisBuilder.swift	type	"// EXTEND existing `final class AxisBuilderSharedContextRecord` (AxisBuilder.swift:261) with the 4 deferred fields: ⏎ public var labelInfoList: [LabelLayoutData]?   // upstream LabelLayoutWithGeometry[] (Swift geometry-carrying type = LabelLayoutData), sorted by distance to transGroup.x/y ⏎ public var stOccupiedRect: BoundingRect?        // union of label rects, ""standard axis"" space; only for nameLocation 'center' ⏎ public var nameLayout: LabelLayoutData?         // upstream LabelLayoutWithGeometry | NullUndefined ⏎ public var nameLocation: String? ⏎ // + un-defer the co-located free functions in the SAME file that populate/consume these: ⏎ func resetOverlapRecordToShared(_ cfg: AxisBuilderCfgDetermined, _ shared: AxisBuilderSharedContext, _ axisModel: AxisBaseModel, _ labelLayoutList: [LabelLayoutData])   // called at end of layOutAxisTickLabel (currently `_ = shared`) ⏎ public func moveIfOverlapByLinearLabels(_ baseLayoutInfoList: [LabelLayoutData], _ baseDirVec: Point, _ movableLayoutInfo: LabelLayoutData, _ moveDirVec: Point)   // exported; consumed by Grid.resolveAxisNameOverlapForGrid ⏎ // private func moveIfOverlap(_ basedLayoutInfo: LabelGeometry, _ movableLayoutInfo: LabelLayoutData, _ moveDirVec: Point) ⏎ // replace no-op `resolveAxisNameOverlapDefault` (line 334) with the real body (center → moveIfOverlap on stOccupiedRect; else → moveIfOverlapByLinearLabels) ⏎ // wire `nameMarginLevel` in the axisName builder (line 811 `_ = extraParams.nameMarginLevel`) into the DEFAULT_*_NAME_MARGIN_LEVELS[nameMarginLevel] marginDefault + build sharedRecord.nameLayout via ensureLabelLayoutWithGeometry, then call shared.resolveAxisNameOverlap when cfg.shouldNameMoveOverlap"	upstream/echarts/src/component/axis/AxisBuilder.ts	3	Sources/EChartsKit/coord/cartesian/Grid.swift; Sources/EChartsKit/component/axis/RadiusAxisView.swift; Sources/EChartsKit/component/axis/AxisBuilder.swift	CLUSTER symbol (synthetic id) — canonical = AxisBuilderSharedContextRecord (export type, AxisBuilder.ts:232). Class EXISTS (@261) with only dirVec/transGroup/ready; 4 overlap fields stubbed behind PORT-NOTE (265-267). exists=true → fix EXTENDS class + un-defers co-located machinery. Everything in AxisBuilder.swift EXCEPT axisBreakHelper.buildAxisBreakLine (separate provider, unported axisBreakHelperImpl.ts — own row; getAxisBreakHelper returns nil, plain-Line else always taken @591-616). RadiusAxisView z2 gap is deliberate deviation (z2 not in AxisBuilderCfg upstream either) — track separately. L0: deps ported (LabelLayoutData, ensureLabelLayoutWithGeometry, labelIntersect, labelLayoutApplyTranslation, computeLabelGeometry2, newLabelLayoutWithGeometry in labelLayoutHelper.swift; BoundingRect/Point/matrix). Un-defer together: (1) Grid:1002 constructs shared ctx + resolveAxisNameOverlapForGrid stub (1119-1122) needs moveIfOverlapByLinearLabels; (2) layOutAxisTickLabel ends `_ = shared` (910) instead of resetOverlapRecordToShared → labelInfoList/stOccupiedRect never populated; (3) axisName builder (810-864) discards nameMarginLevel, never builds nameLayout/calls resolveAxisNameOverlap. Fields alone inert. Keep names verbatim, final class.
L0	wire/extend	component/axisPointer/findPointFromSeries	findPointFromSeries	Sources/EChartsKit/component/axisPointer/findPointFromSeries.swift	enum findPointFromSeries	@discardableResult public func findPointFromSeries(_ finder: FindPointFinder, _ ecModel: GlobalModel) -> (point: [Double], el: Element?)	upstream/echarts/src/component/axisPointer/findPointFromSeries.ts	2	Sources/EChartsKit/component/axisPointer/axisTrigger.swift; Sources/EChartsKit/component/tooltip/TooltipView.swift	ALREADY EXISTS, complete faithful port. Default-export free function → TOP-LEVEL public func (NOT enum-wrapped) + companion struct FindPointFinder + private fpsAsDouble coercion. Return tuple (point:[Double], el:Element?). Deps EXISTING → L0: GlobalModel.getSeriesByIndex, Payload+model.queryDataIndex, SeriesData, Cartesian2D, Element.getBoundingRect/transform.applyTransform. Consumers: axisTrigger:~203 calls LIVE; TooltipView has PORT-NOTE(deferred) @49/506 using payload x/y — data-driven showTip via findPointFromSeries is outstanding tooltip work (not a defect here). Two documented deferrals: getTooltipPosition branch skipped; only Cartesian2D handled (narrows deliberately to avoid getBaseAxis/getOtherAxis witness trap).
L0	wire/extend	coord/axisModelCreator.registerComponentModel	registerComponentModel	Sources/EChartsKit/coord/axisModelCreator.swift	extension EChartsExtensionInstallRegisters	public func registerComponentModel(_ componentModelType: ComponentFullType, _ factory: @escaping AxisModelFactory)  // AxisModelFactory = (ModelOption?, Model?, GlobalModel?) -> ComponentModel	upstream/echarts/src/extension.ts (defn of registerComponentModel, line 71); consumed by upstream/echarts/src/coord/axisModelCreator.ts:132 as registers.registerComponentModel(AxisModel)	1	Sources/EChartsKit/coord/axisModelCreator.swift	ALREADY EXISTS — guessed owning_file (Global.swift) WRONG. Defined axisModelCreator.swift:91-98 as extension on EChartsExtensionInstallRegisters (base in coord/axisStatistics.swift:78). Upstream registerComponentModel(Class){ComponentModel.registerClass(Class)}. Swift can't subclass runtime metatype → re-signatured (type, factory) to carry closure captures. Body PORT-STUB (PortStub.hit) — no dynamic registration; ECharts.swift hand-written stand-in models (EChartsXAxisModel/… + ComponentModel.registerClass) serve instead. AxisModelFactory typealias, AXIS_TYPES_ORDER, registerSubTypeDefaulter in same file. Deps existing → L0. Sole consumer :172. NOT same as ComponentModel.registerClass calls in ECharts.swift (those stand in for this dormant stub). Fix = keep stub; full wiring deferred to Phase 6b (dynamic axis-model synthesis).
L0	wire/extend	core/ECharts.driverRegistrationSurface	installOnce	Sources/EChartsKit/core/ECharts.swift	type	static func installOnce()	upstream/echarts/src/core/echarts.ts	7	Sources/EChartsKit/chart/bar/pictorialBarInstall.swift; Sources/EChartsKit/chart/effectScatter/effectScatterInstall.swift; Sources/EChartsKit/chart/boxplot/boxplotInstall.swift; Sources/EChartsKit/chart/chord/chordInstall.swift; Sources/EChartsKit/chart/sunburst/sunburstInstall.swift; Sources/EChartsKit/chart/map/mapInstall.swift; Sources/EChartsKit/chart/lines/linesInstall.swift	ALREADY EXISTS — documents canonical location of aggregate driver registration. Upstream register* family invoked per install(registers); port deviates (ECharts.swift header L28-54): registrars not bridged to GlobalModel instantiation, so static ECharts.installOnce() (:616) does all registration explicitly — models via ComponentModel.registerClass, coord systems via CoordinateSystemManager.register, views via _componentViewFactories/_chartViewFactories, actions via registerAction (action.swift:89)+install*Action helpers (_registers @245/491), themes via registerTheme (:450). The 7 *Install.swift consumers are comment-only diffable shells (no executable register calls). Plain internal static method (no params). L0 — every provider it calls exists. swift_name installOnce (no single upstream identifier — 5-function family collapsed here).
L0	wire/extend	data/SeriesData.wrappedMethodFiring	fireWrappedMethodInjections	Sources/EChartsKit/data/SeriesData.swift	extension SeriesData	"private func fireWrappedMethodInjections(_ methodName: String, _ res: SeriesData) — plus the call sites: filterSelf(...) -> SeriesData, selectRange(_ range: [String:[Double]]) -> SeriesData, map(_ dims: ItrParamDims, _ cb: @escaping MapCb) -> SeriesData, downSample(_ dimension: DimensionLoose, _ rate: Double, _ sampleValue:, _ sampleIndex:) -> SeriesData, minmaxDownSample(_:_:) -> SeriesData, lttbDownSample(_:_:) -> SeriesData, cloneShallow(_ list: SeriesData? = nil) -> SeriesData each invoke self.fireWrappedMethodInjections(""<methodName>"", <result>). Backing store: private var _wrappedMethodInjections: [String: [(SeriesData) -> Void]] populated by wrapMethod(_:_:)."	upstream/echarts/src/data/SeriesData.ts	1	Sources/EChartsKit/data/helper/linkSeriesData.swift	"ALREADY IMPLEMENTED — no port work. Upstream wrapMethod rebinds this[methodName] (no single identifier). Swift can't rebind by name → (1) store _wrappedMethodInjections populated by wrapMethod (:250, 1322-1350); (2) private fireWrappedMethodInjections (:1289) each wrappable method calls. All fire: filterSelf(910,917), selectRange(936), map(962), downSample(1003), minmaxDownSample(1019), lttbDownSample(1035), cloneShallow(1314). getItemModel uses separate _getItemModelInjections. Premise satisfied. LIABILITY (stale comment): linkSeriesData.swift:119-127 PORT-NOTE says injections ""do not yet fire"" — now FALSE; delete/rewrite. swift_name is port-invented seam name (no verbatim upstream); container is SeriesData final class body. L0."
L0	wire/extend	data/helper/transform.ExternalDataTransform.throws	transform	Sources/EChartsKit/data/helper/transform.swift	type	public var transform: (_ param: ExternalDataTransformParam) throws -> ExternalDataTransformResult  // init param likewise: transform: @escaping (_ param: ExternalDataTransformParam) throws -> ExternalDataTransformResult	upstream/echarts/src/data/helper/transform.ts	2	Sources/EChartsKit/chart/boxplot/boxplotTransform.swift; Sources/EChartsKit/data/helper/transform.swift	EXTENDS existing ExternalDataTransform struct member (transform.swift:67 struct; property :71, init param :76). Upstream no checked exceptions but transform bodies call throwing throwError sync (boxplotTransform.ts:38-46 aborts on non-ARRAY_ROWS). Fix: add throws to both stored-property type (:71) + init param (:76). Lets boxplot guard call try log.throwError to abort. Ripple: call site externalTransform.transform(...) @:588 → try (already inside applySingleDataTransform which is throws). Source-compatible with other 6 constructors (non-throwing literal satisfies throws closure). Name transform verbatim (.throws denotes effect). L0 (ExternalDataTransformParam/Result exist).
L0	wire/extend	model/Global._mergeOption.replaceMergeHoles	mappingToExists	Sources/EChartsKit/util/modelUtil.swift	enum model	public static func mappingToExists(_ existings: [MappingExistingItem?]?, _ newCmptOptionsInput: [ComponentOption]?, _ mode: MappingToExistsMode) -> MappingResult   // element type widened to Optional; internal helpers must follow: static func prepareResult(_ existings: [MappingExistingItem?], _ existingIdIdxMap: HashMap<Double>, _ mode: MappingToExistsMode) -> MappingResult  and  static func mappingById(_ result: inout MappingResult, _ existings: [MappingExistingItem?], _ existingIdIdxMap: HashMap<Double>, _ newCmptOptions: inout [ComponentOption?])	upstream/echarts/src/util/model.ts	1	Sources/EChartsKit/model/Global.swift	EXISTS — fix EXTENDS/edits ported enum model mapping family (mappingToExists@579, prepareResult@640, mappingById@676; ByName/ByIndex/InReplaceAllMode@705/733/787). Root cause: faithfulness drift — upstream existings:T[] may contain null holes (model.ts:304), prepareResult iterates by index @302 so map won't omit holes. Swift narrowed to non-optional [MappingExistingItem]. FIX (two files): (1) modelUtil.swift widen existings element MappingExistingItem→MappingExistingItem? in mappingToExists (param [MappingExistingItem?]?, `let existings = existings ?? []`), prepareResult, mappingById; prepareResult existings[index] now Optional (keep guard @656 + isComponentIdInternal ternary @665 — takes Optional @984); mappingById existings[Int(idx)]@699 Optional → resultItem.existing (already Optional @275). ByName/ByIndex/InReplaceAll don't read existings, no change. (2) Global.swift 417-421 (live bug): oldExistings built with .compactMap DROPS holes (POTENTIAL-BUG 413-416) → change to .map preserving nils. Downstream loop 448-463 handles both-nil. L0 (types exist). Name verbatim; enum model; call site Global:427.
L0	wire/extend	model/Model.resolveParentPath+getModelLive	resolveParentPath	Sources/EChartsKit/model/Model.swift	extension Model	open func resolveParentPath(_ path: [String]?) -> [String]?  // plus existing non-cloning `getModel(_ path: [String]? = nil, _ parentModel: Model? = nil) -> Model`	upstream/echarts/src/model/Model.ts	2	Sources/EChartsKit/chart/graph/GraphSeries.swift; Sources/EChartsKit/chart/treemap/TreemapSeries.swift	RESOLUTION: no new Model provider — shared hook exists, sufficient. (1) resolveParentPath already @Model.swift:237 (identity resolver, upstream Model.ts:200). Upstream reassigns per-instance (JS prototype swap); Swift → SUBCLASS OVERRIDE, proven in ChordSeries.swift (ChordEdgeLabelItemModel overrides resolveParentPath+re-wraps getModel; ChordEdgeLabelChildModel overrides resolveParentPath). GraphSeries edgeData label→edgeLabel redirect is POTENTIAL-BUG stub (GraphSeries:260-267, wrapMethod returns unchanged); FIX = copy chord's two-subclass pattern. No change to Model.swift. (2) getModel live reference-sharing satisfied: Model.getModel (184-198) returns Model(obj,...) NO clone. Treemap designatedVisualModel gap (TreemapSeries:127-134) is Swift value semantics, not Model API — FIX consumer-side: box shared itemStyle in a reference type stored in option[itemStyle]. exists=true (fix uses existing symbol), L0. Chord is reference impl for graph half.
L0	wire/extend	util/decal.createOrUpdatePatternFromDecal	createOrUpdatePatternFromDecal	Sources/EChartsKit/util/decal.swift	enum decal	public func createOrUpdatePatternFromDecal(_ decalObject: Any?, _ api: ExtensionAPI) -> Pattern?	upstream/echarts/src/util/decal.ts	1	Sources/EChartsKit/chart/custom/CustomView.swift	"ALREADY DEFINED at decal.swift:82-85. No creation; fix EXTENDS. Deviations: (1) bare top-level free func (NOT enum decal); (2) first param Any? (accepts [String:Any] dict, sentinel ""none"", or nil); (3) return Pattern?; (4) upstream decalMap WeakMap dropped — value-keyed _decalCache LRU. Deps (ExtensionAPI, Pattern, createSymbol, getLeastCommonMultiple, decalCGPathBuilder) exist → L0. Consumer CustomView uses it for style.decal → pattern fill."
L0	wire/extend	util/graphic.groupTransition	groupTransition	Sources/EChartsKit/util/graphic.swift	enum graphic	public func groupTransition(_ g1: Group?, _ g2: Group?, _ animatableModel: Model?)	upstream/echarts/src/util/graphic.ts	4	Sources/EChartsKit/component/axis/SingleAxisView.swift; Sources/EChartsKit/component/axis/CartesianAxisView.swift; Sources/EChartsKit/component/axis/RadiusAxisView.swift; Sources/EChartsKit/component/parallel/ParallelComponentView.swift	ALREADY FULLY PORTED — do not create. graphic.swift:322 top-level public free func (bare, call as groupTransition(...)); faithful of upstream 406-447. Deps (updateProps, innerStore.getECData, util.clone, Group.traverse, Path.shape, Element.anid) exist → L0. Work at 4 consumers: replace PORT-NOTE(deferred) stale comment guarding a live no-op with the real call, capturing OLD axis group before rebuild + passing new group + axis model: CartesianAxisView:131, SingleAxisView:150, RadiusAxisView:125 (radiusAxisModel), ParallelComponentView:495 (real 5th consumer). anid tagging on axis elements must be present (CartesianAxisView:248).
L0	wire/extend	util/graphic.setTooltipConfig	setTooltipConfig	Sources/EChartsKit/util/graphic.swift	enum graphic	public func setTooltipConfig(el: Element, componentModel: ComponentModel, itemName: String, itemTooltipOption: Any? = nil, formatterParamsExtra: [String: Any]? = nil)	upstream/echarts/src/util/graphic.ts	7	Sources/EChartsKit/component/graphic/GraphicView.swift; Sources/EChartsKit/component/axis/AxisBuilder.swift; Sources/EChartsKit/component/toolbox/ToolboxView.swift; Sources/EChartsKit/component/legend/LegendView.swift; Sources/EChartsKit/component/axis/AngleAxisView.swift; Sources/EChartsKit/component/geo/GeoView.swift; Sources/EChartsKit/component/matrix/MatrixView.swift	ALREADY DEFINED — WIRING task, not creation. Full faithful port of upstream setTooltipConfig exists at graphic.swift:376-433 as a file-scope public func (NOT inside enum graphic; call sites use bare setTooltipConfig(...)). Deps (formatterParamsHasOwn, ComponentModel.mainType/componentIndex, ComponentItemTooltipLabelFormatterParams, ECData.TooltipConfig, innerStore.getECData) all exist → L0. Work = remove PORT-NOTE(deferred) stubs at 7 call sites and insert real calls: GraphicView:274, AxisBuilder:839+:1483, ToolboxView:355, LegendView:614 (gated on tooltipModel.get('show')), AngleAxisView:400, GeoView.resetTooltipForRegion, MatrixView:398. Runtime resolution of ecData.tooltipConfig by TooltipView is separate.
L0	wire/extend	util/layout.applyPreserveAspect+getLayoutRect	applyPreserveAspect / getLayoutRect	Sources/EChartsKit/util/layout.swift	enum layout	public static func getLayoutRect(_ positionInfo: BoxLayoutOptionMixin, _ containerRect: LayoutRect, _ margin: Any? = nil) -> LayoutRect  //// + dynamic overload getLayoutRect(_ positionInfo: Any?, _ containerRect: LayoutRect, _ margin: Any? = nil) -> LayoutRect  //// public static func applyPreserveAspect(_ component: ComponentModel, _ layoutRect: LayoutRect, _ aspect: Double) -> LayoutRect	upstream/echarts/src/util/layout.ts	2	Sources/EChartsKit/chart/graph/createView.swift; Sources/EChartsKit/coord/geo/geoCreator.swift	ALREADY PORTED — documents existing definition. Both in enum layout: getLayoutRect (two overloads BoxLayoutOptionMixin + dynamic bag) → getLayoutRectImpl (:390); applyPreserveAspect (:509) calls getLayoutRect. L0 (ComponentModel.getShallow, parsePercent, normalizeCssArray, BoundingRect, layoutJsTruthy). Lowercase enum layout per §2. GAPS: (1) getLayoutRectImpl:488 upstream rect.margin=margin DROPPED (LayoutRect=BoundingRect no margin slot); no consumer reads .margin. (2) STALE COMMENT graph/createView.swift 29-31 claims applyPreserveAspect NOT ported — FALSE; live, should be wired in getViewRect. geoCreator:230 commented-out call site too — verify geo/graph invoke or skip aspect.
L0	wire/extend	util/shape/sausage.Sausage	SausagePath	Sources/EChartsKit/chart/gauge/Sausage.swift	type	public final class SausagePath: Path { public override init(_ opts: ElementProps? = nil); public override func getDefaultShape() -> PathShape; public override func buildPath(_ ctx: PathProxy, _ shape: PathShape, _ inBatch: Bool) }  // companion: public struct SausageShape: PathShape { cx, cy, r0, r, startAngle, endAngle: Double; clockwise: Bool }; public typealias SausagePathProps = PathProps	upstream/echarts/src/util/shape/sausage.ts	2	Sources/EChartsKit/chart/gauge/GaugeView.swift; Sources/EChartsKit/chart/bar/BarView.swift	"ALREADY FULLY PORTED AND CORRECT. SausagePath + SausageShape live in chart/gauge/Sausage.swift (location deviation from util/shape/sausage.ts, co-located with only consumer; documented). buildPath line-for-line faithful. SausageShape adds animationGet/Set for progress-arc endAngle tween. Deps existing → L0. Canonical name = SausagePath verbatim (NOT Sausage import binding). WIRING: (1) GaugeView wired (~259-268, ~631-639); (2) BarView NOT wired — stale PORT-NOTE ""Sausage not ported"" (46,103,412-418,1339,1358,1368,1415,1427); roundCap read then ignored (1427); polar bar broadly deferred (elementCreator.polar:838) so wiring needs polar-sector path. SEPARATE symbol flagged (sectorLabel.setSectorTextRotation) is from label/sectorLabel.ts, NOT sausage.ts, not ported — own SYMBOLS.tsv row."
L0	wire/extend	util/symbol.createSymbol.image+ZRImage	createSymbol	Sources/EChartsKit/util/symbol.swift	enum symbol	"public static func createSymbol(_ symbolTypeIn: String, _ x: Double, _ y: Double, _ w: Double, _ h: Double, _ color: ZRenderKit.ZRColor? = nil, _ keepAspect: Bool? = nil) -> ECSymbol  // image:// branch: symbolPath = ZRenderKit.makeImage(src, BoundingRect(x,y,w,h), keepAspect ? ""center"" : ""cover""); backed by `extension ZRenderKit.ZRImage: ECSymbol { setColor no-op; getColor -> .string(""transparent"") }`"	upstream/echarts/src/util/symbol.ts	3	Sources/EChartsKit/chart/radar/RadarView.swift; Sources/EChartsKit/chart/bar/PictorialBarView.swift; Sources/EChartsKit/chart/helper/SymbolElement.swift	ALREADY FULLY PORTED AND GREEN. symbol.createSymbol (symbol.swift:613) implements image:// branch (633-640) via ZRenderKit.makeImage; file declares extension ZRImage: ECSymbol (464-472). Deps exist: ZRImage:Displayable (Image.swift:155) with __isEmptyBrush (:175), makeImage (ToolPath.swift:513). ZRImage.setColor faithful no-op; doesn't touch pathStyle (ZRImage has imageStyle). createSymbol returns ECSymbol protocol so ZRImage flows fine. L0. REMAINING = consumer-side stale comments guarding now-live instanceof ZRImage handling: RadarView:387-388, PictorialBarView:37-38, SymbolElement:32/:251 — revisit to enable ZRImage branches; the provider itself is done.
L0	wire/extend	util/throttle.throttle	throttle	Sources/EChartsKit/util/throttle.swift	enum throttleUtil	public static func throttle(_ fn: @escaping () -> Void, _ delay: Double? = nil, _ debounce: Bool = false) -> ThrottledFunction	upstream/echarts/src/util/throttle.ts	4	Sources/EChartsKit/component/tooltip/TooltipView.swift; Sources/EChartsKit/component/axisPointer/globalListener.swift; Sources/EChartsKit/component/brush/brushVisual.swift; Sources/EChartsKit/component/axisPointer/BaseAxisPointer.swift	ALREADY FULLY PORTED — EXTENDS existing file, nothing to create. throttle.ts exports throttle/createOrUpdate/clear + ThrottleType + ThrottleController; all in throttle.swift (204 lines). Namespace enum is throttleUtil (NOT throttle) to avoid func/enum name collision + keep `throttleUtil.createOrUpdate` call sites. ThrottleController folded into final class ThrottledFunction (callAsFunction, self-controller). createOrUpdate/clear take existing wrapper + raw origin, return wrapper. ThrottleType top-level enum {fixRate, debounce}. setTimeout → DispatchQueue.main.asyncAfter + DispatchWorkItem. Nullary closures. L0 (Foundation only).
L0	wire/extend	util/types.OrderedHashMap	HashMap	Sources/EChartsKit/util/modelUtil.swift	type	public final class HashMap<V> { public init(); @discardableResult public func set(_ key: Any?, _ value: V) -> V; public func get(_ key: Any?) -> V?; public func hasKey(_ key: Any?) -> Bool; public func each(_ cb: (V, String) -> Void); public func keys() -> [String]; public func removeKey(_ key: Any?) }  // plus free func: public func createHashMap<V>() -> HashMap<V>. Backed by [String:V] data + [String] _keys for JS insertion order; keys coerced via fileprivate hashKey(Any?) -> String.	upstream/zrender/src/core/util.ts	6	Sources/EChartsKit/util/format.swift; Sources/EChartsKit/util/modelUtil.swift; Sources/EChartsKit/data/Source.swift; Sources/EChartsKit/data/helper/createDimensions.swift; Sources/EChartsKit/core/Scheduler.swift; Sources/EChartsKit/visual/VisualMapping.swift	"ALREADY EXISTS — no creation. Upstream export HashMap (util.ts 749-808) + createHashMap; extract's ""OrderedHashMap"" is a rename, must NOT use — canonical HashMap verbatim. Defined modelUtil.swift:106 (class) + :151 (createHashMap), NOT util/types.swift. public final class HashMap<V> backed by [String:V]+[String] order list. Full surface: get/set/each/keys/hasKey/removeKey. Generic KEY dropped (string-coerced via hashKey, nil→undefined). ZRenderKit intentionally didn't port (util.swift:488). Gaps (unused): seed constructor not ported; null/undefined key collapsed to undefined. All 6 consumers use get/set/each/keys. L0."
L0	wire/extend	util/types.StageHandlerPlan.optional	StageHandlerPlan	Sources/EChartsKit/util/types.swift	type	public typealias StageHandlerPlan = (SeriesModel, GlobalModel, ExtensionAPI, Payload?) -> StageHandlerPlanReturn?	upstream/echarts/src/util/types.ts	5	Sources/EChartsKit/chart/lines/linesLayout.swift; Sources/EChartsKit/layout/points.swift; Sources/EChartsKit/layout/barGrid.swift; Sources/EChartsKit/chart/candlestick/candlestickVisual.swift; Sources/EChartsKit/chart/candlestick/candlestickLayout.swift	EXTEND (modify) existing typealias, do NOT create. Upstream StageHandlerPlanReturn = 'reset'|false|null|undefined (already nullable). Swift TaskPlanCallbackReturn (task.swift:114) is non-optional enum with sole .reset, collapsing falsy → nil at Optional layer → faithful return is StageHandlerPlanReturn?. Current typealias (types.swift:716-717) drops the ? → the bug. Fix = change line 717 return to StageHandlerPlanReturn? (single-token). Lets a planner represent nil instead of the workaround where all 5 consumers set handler.plan=nil + leave createRenderPlanner() unwired (each has matching PORT-NOTE, e.g. barGrid:487-495, candlestickLayout:102-108). createRenderPlanner() returns 1-arg (SeriesModel)->StageHandlerPlanReturn?; after relaxation, adapter `{sm,_,_,_ in planner(sm)}` still needed per consumer (separate follow-up). L0 (all referenced types exist). plan consumer = StageHandler.plan (types.swift:676).
L0	wire/extend	visual/VisualMapping.prepareVisualTypes.alphaFilter	prepareVisualTypes	Sources/EChartsKit/visual/VisualMapping.swift	extension VisualMapping	static func prepareVisualTypes(_ visualTypes: Any?) -> [String]  // signature UNCHANGED; in-body edit of the existing static method (VisualMapping.swift:507)	upstream/echarts/src/visual/VisualMapping.ts (prepareVisualTypes @ L431-456); hidden slot created in upstream/echarts/src/visual/visualSolution.ts L87,L94-101 (Creater.prototype.__hidden trick)	3	Sources/EChartsKit/visual/visualSolution.swift; Sources/EChartsKit/component/visualMap/visualEncoding.swift; Sources/EChartsKit/component/visualMap/VisualMapView.swift	"FIX: in prepareVisualTypes object branch (512-516), skip hidden slot — `if type == ""__alphaForOpacity"" { continue }`. Faithful to upstream (__alphaForOpacity on Creater.prototype.__hidden, invisible to hasOwnProperty each); mappings dict KEEPS the entry so opacity→__alphaForOpacity remap lookups resolve. Use literal or hoist alphaForOpacityKey (visualSolution.swift:45) into shared constant. L0. WHY: getColorVisual (visualEncoding:149) calls prepareVisualTypes(mappings) unfiltered → __alphaForOpacity leaks → loop (159-166) applies colorAlpha twice → alpha double-modified. FOLLOW-UP: manual .filter in visualSolution applyVisual (154-155) + incrementalApplyVisual (217-218) become redundant → remove. VisualMapView:180 no change (already safe). In-place body edit, exists=true."
L1	create	chart/graph/GraphView.startForceLayoutIteration	_startForceLayoutIteration	Sources/EChartsKit/chart/graph/GraphView.swift	extension GraphView	private func _startForceLayoutIteration(_ forceLayout: ForceLayoutInstance, _ api: ExtensionAPI, _ layoutAnimation: Bool?)	upstream/echarts/src/chart/graph/GraphView.ts	2	Sources/EChartsKit/chart/graph/GraphView.swift; Sources/EChartsKit/chart/graph/forceLayout.swift	Upstream _startForceLayoutIteration (private, GraphView.ts:247-268) self-recursive step() closure calling forceLayout.step(cb); cb runs updateLayout, renders thumbnail on stop/first-frame, sets _layouting, re-schedules via setTimeout(step,16) or sync. Preserve leading underscore. exists=false (only deferred PORT-NOTE GraphView:392; dormant state _layoutTimeout/_layouting also unported 82,398-404). CREATE as method on GraphView. forceLayout param → ForceLayoutInstance (forceHelper.swift:110, step(cb)->Bool). Caller downcasts GraphSeriesModel.forceLayout (Any? @GraphSeries:98). layoutAnimation → Bool? (from get(['force','layoutAnimation'])). L1 (not L0): depends on to-be-created deferred providers: (1) GraphView.updateLayout (no func, deferred :395, needs SymbolDraw/LineDraw.updateLayout); (2) _renderThumbnail/thumbnail bridge (deferred 381,413-414); (3) live per-frame animation host replacing setTimeout. ForceLayoutInstance.step + ExtensionAPI exist. COMPENSATION-REMOVAL: forceLayout.swift:245-253 runs synchronous while-loop settle (1500-iter stand-in); wiring requires dropping to single forceInstance.step() + render() (165-168) call _startForceLayoutIteration when forceLayout != nil (guard _layouting for drag warmUp GraphView.ts:174-175). Restore isForceLayout gate for thumbnail (236-239).
L1	create	component/helper/MapDraw	MapDraw	Sources/EChartsKit/component/helper/MapDraw.swift	type	final class MapDraw { ⏎     let group: Group ⏎     private let uid: String ⏎     private var _controller: RoamController ⏎     private var _mouseDownFlag: Bool ⏎     private var _transformGroup: Group ⏎     private var _regionsGroup: Group          // RegionsGroup (typealias of Group) ⏎     private var _regionsGroupByName: HashMap<Group>? ⏎     private var _svgMapName: String? ⏎     private var _svgGroup: Group ⏎     private var _svgGraphicRecord: GeoSVGGraphicRecord? ⏎     private var _svgDispatcherMap: HashMap<[Element]>?   // keyed RegionName ⏎     init(_ api: ExtensionAPI) ⏎     func draw(_ mapOrGeoModel: MapOrGeoModel, _ ecModel: GlobalModel, _ api: ExtensionAPI, _ fromView: ChartView /* MapView | GeoView */, _ payload: Payload?) ⏎     func __updateOnOwnRoam(_ mapOrGeoModel: MapOrGeoModel) ⏎     func remove() ⏎     // + file-private helpers: _buildGeoJSON, _buildSVG, _enableBlurEntireSVG, ⏎     //   findHighDownDispatchers, _svgResourceChanged, _useSVG, _freeSVG, ⏎     //   _updateMapSelectHandler, and free funcs resetEventTriggerForRegion, ⏎     //   resetStateTriggerForRegion, resetLabelForRegion, applyOptionStyleForRegion, ⏎     //   getFixedItemStyle, getRegionModel(...) ⏎ }	upstream/echarts/src/component/helper/MapDraw.ts	2	Sources/EChartsKit/chart/map/MapView.swift; Sources/EChartsKit/component/geo/GeoView.swift	LAYER CORRECTED L0→L1 (reviewer-confirmed): MapDraw's core draw()/__updateOnOwnRoam path calls applyViewCoordSysTransToElement (MapDraw.ts:202/241), which does NOT exist in Sources/ yet (grep: only PORT-NOTE comments; it is the to-be-created coord/View.roamTransformPipeline row, exists=false). So MapDraw depends on a to-be-created provider → L1; provider-first ordering must build coord/View.roamTransformPipeline first. All OTHER deps already exist (RoamController component/helper/RoamController.swift, View coord-sys trans consts, getUID componentUtil.swift, updateRoamControllerSimply roamHelperGeo.swift, Group/Rect/BoundingRect). ⏎  ⏎ Upstream default export class (889 lines). Canonical name MapDraw verbatim; container=type. MUST BE CREATED (only PORT-NOTE refs). GeoView.swift INLINED a static subset (_buildGeoJSON/_buildSVG/applyOptionStyleForRegion/reset*ForRegion/_enableBlurEntireSVG/findHighDownDispatchers/getFixedItemStyle, DEFERRED roam blocks) with line-refs back to MapDraw.ts — RECONCILE/remove into this class (GeoView:25-30,80-101,138-173,305-701; no-op roam @632). readonly group is public API mounted by MapView/GeoView; __updateOnOwnRoam self-roam entry (roamHelperGeo:36). TRAPS: (1) fromView union → shared base/protocol param (avoid witness trap); (2) resetEventTriggerForRegion sets el.dataIndex via dataIndexInside; (3) geoModel data==null (GEO styling) vs MapSeries data branch — keep both.
L1	create	label/labelGuideHelper.setLabelLineStyle+Polyline	setLabelLineStyle	Sources/EChartsKit/label/labelGuideHelper.swift	enum labelGuideHelper	public static func setLabelLineStyle(_ targetEl: Element, _ statesModels: [String: Model], _ defaultStyle: PathStyleProps? = nil)	echarts/src/label/labelGuideHelper.ts	3	Sources/EChartsKit/chart/funnel/FunnelView.swift; Sources/EChartsKit/chart/pie/PieView.swift; Sources/EChartsKit/label/LabelManager.swift	CANONICAL = setLabelLineStyle (labelGuideHelper.ts:589). Enum labelGuideHelper EXISTS; sibling getLabelLineStatesModels PORTED (:561) — do NOT recreate. CREATE setLabelLineStyle into existing enum + private setLabelLineState (ts:531) + buildLabelLinePath (ts:555). exists=false. Record<DisplayState,LabelLineModel>→[String:Model]; Polyline['style']→PathStyleProps?. L1 (NOT L0): core act is `labelLine.buildPath = buildLabelLinePath` per-instance reassignment on Polyline; Swift Polyline is final class, buildPath only open override, existing __morphBuildPath seam is internal to ZRenderKit → unreachable from EChartsKit. DEPENDS ON to-be-created ZRenderKit provider: public settable per-instance buildPath override on Polyline (expose __morphBuildPath publicly / add public buildPath closure seam / un-final). Prefer reusing __morphBuildPath exposed publicly. Deps existing (don't block): text-guide plumbing (Element:1355/1359/1372/1295/395/377), ensureState, Path.useStyle(PathStyleProps), PolylineShape, SPECIAL/DISPLAY_STATES, retrieve2/defaults, vector.dist/lerp, PathProxy. FIDELITY: (1) stateObj.style vs useStyle ternary; (2) smooth Bool-true→0.3 then max(+smooth,0)||0 (Int-vs-Double trap); (3) after loop defaults(style,defaultStyle) then FORCE style.fill=null (clear pathStyle.fill directly) + textGuideLineConfig.showAbove; (4) NORMAL first. Consumers: FunnelView:170, PieView:221; LabelManager.ts:522 — verify LabelManager.swift ported before wiring third.
L1	wire/extend	core/ECharts.visualStageHandlerPipeline	buildVisualHandlers	Sources/EChartsKit/core/ECharts.swift	extension ECharts	func buildVisualHandlers() -> [StageHandlerInternal]	upstream/echarts/src/core/echarts.ts	2	Sources/EChartsKit/chart/lines/linesInstall.swift; Sources/EChartsKit/core/ECharts.swift	NAMING EXCEPTION AUDITED (reviewer low-severity/defensible — kept): upstream identifier is the module-level `const visualFuncs` (echarts.ts:2903), populated via registerVisual and passed to Scheduler. This row keeps the port-invented name buildVisualHandlers because it PRE-EXISTS, is consumed at two live call sites (ECharts.swift:612,1422), and deliberately mirrors its sibling buildDataProcessorHandlers; the visualFuncs↔buildVisualHandlers mapping is recorded here so the naming exception stays auditable — do NOT silently treat buildVisualHandlers as an upstream identifier, and do NOT rename to visualFuncs. ⏎  ⏎ EXISTS as instance method @ECharts.swift:612 (currently `return []`), consumed @1422 Scheduler(...). Fix EXTENDS (populate array). Upstream visualFuncs populated by registerVisual (echarts.ts:3231-3367: seriesStyleTask, dataStyleTask, dataColorPaletteTask, seriesSymbolTask, dataSymbolTask, decalVisualStageHandler, per-chart e.g. linesVisual), timsorted, passed to Scheduler. INSTANCE (not static like sibling) because it reads per-instance registered visual state. Currently [] = intentional deferral to C2 (visual stage stays DIRECT call; routing needs stub outputData passthrough fix). L1: array needs StageHandlerInternal (exists) but being non-dead depends on Scheduler.performVisualTasks routing + outputData passthrough + linesVisual port (to-be-wired C2).
